Network Device Product Family,Network Device Product ID,Network Device Breakout mode,Transceiver Business Unit,Transceiver Product Family,Transceiver Product ID,Transceiver Version ID,Transceiver End of Sale,OS Type,Min Software Release,DOM OS Type,DOM Support,Network Device Notes,Data Rate,Form Factor,Reach,Cable Type,Media,Connector Type,Transceiver Type,Case Temperature,DOM Capable,Standard,Transceiver Notes,Network Device Product ID Data Sheet (link),Transceiver Product ID Data Sheet (link)
N9300,N9K-C9364D-GX2A, ,TMG,QSFP100,QSFP-100G-SR4-S, , ,ACI,ACI-N9KDK9-15.2(5),ACI,ACI-N9KDK9-15.2(5), ,100 Gbps,QSFP28,100m,Parallel Fiber,MMF,MPO-12 (UPC),Optic,0 to 70C,Y,IEEE 100GBASE-SR4,OM3: 70m; OM4/OM5: 100m. ,https://www.cisco.com/c/en/us/support/switches/nexus-9000-series-switches/series.html,https://www.cisco.com/c/en/us/products/collateral/interfaces-modules/transceiver-modules/datasheet-c78-736282.html,
N9300,N9K-C9364D-GX2A, ,TMG,QSFP100,QSFP-100G-SR4-S, , ,NX-OS,NX-OS 10.2(3) F,NX-OS,NX-OS 10.2(3) F, ,100 Gbps,QSFP28,100m,Parallel Fiber,MMF,MPO-12 (UPC),Optic,0 to 70C,Y,IEEE 100GBASE-SR4,OM3: 70m; OM4/OM5: 100m. ,https://www.cisco.com/c/en/us/support/switches/nexus-9000-series-switches/series.html,https://www.cisco.com/c/en/us/products/collateral/interfaces-modules/transceiver-modules/datasheet-c78-736282.html,
N9300,N9K-C9364D-GX2A, ,TMG,QSFP100,QSFP-100G-CWDM4-S, , ,ACI,ACI-N9KDK9-15.2(5),ACI,ACI-N9KDK9-15.2(5), ,100 Gbps,QSFP28,2km,Duplex Fiber,SMF,LC (UPC),Optic,0 to 70C,Y,CWDM4 MSA, ,https://www.cisco.com/c/en/us/support/switches/nexus-9000-series-switches/series.html,https://www.cisco.com/c/en/us/products/collateral/interfaces-modules/transceiver-modules/datasheet-c78-736282.html,
N9300,N9K-C9364D-GX2A, ,TMG,QSFP100,QSFP-100G-CWDM4-S, , ,NX-OS,NX-OS 10.2(3) F,NX-OS,NX-OS 10.2(3) F, ,100 Gbps,QSFP28,2km,Duplex Fiber,SMF,LC (UPC),Optic,0 to 70C,Y,CWDM4 MSA, ,https://www.cisco.com/c/en/us/support/switches/nexus-9000-series-switches/series.html,https://www.cisco.com/c/en/us/products/collateral/interfaces-modules/transceiver-modules/datasheet-c78-736282.html,
N9300,N9K-C9364D-GX2A, ,TMG,QSFP100,QSFP-100G-PSM4-S, , ,ACI,ACI-N9KDK9-15.2(5),ACI,ACI-N9KDK9-15.2(5), ,100 Gbps,QSFP28,500m,Parallel Fiber,SMF,MPO-12 (APC),Optic,0 to 70C,Y,PSM4 MSA, ,https://www.cisco.com/c/en/us/support/switches/nexus-9000-series-switches/series.html,https://www.cisco.com/c/en/us/products/collateral/interfaces-modules/transceiver-modules/datasheet-c78-736282.html,
N9300,N9K-C9364D-GX2A, ,TMG,QSFP100,QSFP-100G-PSM4-S, , ,NX-OS,NX-OS 10.2(3) F,NX-OS,NX-OS 10.2(3) F, ,100 Gbps,QSFP28,500m,Parallel Fiber,SMF,MPO-12 (APC),Optic,0 to 70C,Y,PSM4 MSA, ,https://www.cisco.com/c/en/us/support/switches/nexus-9000-series-switches/series.html,https://www.cisco.com/c/en/us/products/collateral/interfaces-modules/transceiver-modules/datasheet-c78-736282.html,
N9300,N9K-C9364D-GX2A, ,TMG,QSFP100,QSFP-100G-LR4-S, , ,ACI,ACI-N9KDK9-15.2(5),ACI,ACI-N9KDK9-15.2(5), ,100 Gbps,QSFP28,10km,Duplex Fiber,SMF,LC (UPC),Optic,0 to 70C,Y,IEEE 100GBASE-LR4, ,https://www.cisco.com/c/en/us/support/switches/nexus-9000-series-switches/series.html,https://www.cisco.com/c/en/us/products/collateral/interfaces-modules/transceiver-modules/datasheet-c78-736282.html,
N9300,N9K-C9364D-GX2A, ,TMG,QSFP100,QSFP-100G-LR4-S, , ,NX-OS,NX-OS 10.2(3) F,NX-OS,NX-OS 10.2(3) F, ,100 Gbps,QSFP28,10km,Duplex Fiber,SMF,LC (UPC),Optic,0 to 70C,Y,IEEE 100GBASE-LR4, ,https://www.cisco.com/c/en/us/support/switches/nexus-9000-series-switches/series.html,https://www.cisco.com/c/en/us/products/collateral/interfaces-modules/transceiver-modules/datasheet-c78-736282.html,
N9300,N9K-C9364D-GX2A, ,TMG,QSFP100,QSFP-100G-SM-SR, , ,ACI,ACI-N9KDK9-15.2(5),ACI,ACI-N9KDK9-15.2(5), ,100 Gbps,QSFP28,2km,Duplex Fiber,SMF,LC (UPC),Optic,10 to 60C,Y,CWDM4 MSA Compatible, ,https://www.cisco.com/c/en/us/support/switches/nexus-9000-series-switches/series.html,https://www.cisco.com/c/en/us/products/collateral/interfaces-modules/transceiver-modules/datasheet-c78-736282.html,
N9300,N9K-C9364D-GX2A, ,TMG,QSFP100,QSFP-100G-SM-SR, , ,NX-OS,NX-OS 10.2(3) F,NX-OS,NX-OS 10.2(3) F, ,100 Gbps,QSFP28,2km,Duplex Fiber,SMF,LC (UPC),Optic,10 to 60C,Y,CWDM4 MSA Compatible, ,https://www.cisco.com/c/en/us/support/switches/nexus-9000-series-switches/series.html,https://www.cisco.com/c/en/us/products/collateral/interfaces-modules/transceiver-modules/datasheet-c78-736282.html,
N9300,N9K-C9364D-GX2A, ,TMG,QSFP100,QSFP-100G-ER4L-S, , ,ACI,ACI-N9KDK9-15.2(5),ACI,ACI-N9KDK9-15.2(5), ,100 Gbps,QSFP28,40km,Duplex Fiber,SMF,LC (UPC),Optic,0 to 70C,Y,100GBASE-ER4 compatible,40km (with host FEC), 30km (without host FEC). . V01 of QSFP-100G-ER4L-S allows Tx Power range with +4.5 (Max) to -2.9 (Min) and Rx Power range with -4.9 (Max) to -19.9 (Min). ,https://www.cisco.com/c/en/us/support/switches/nexus-9000-series-switches/series.html,https://www.cisco.com/c/en/us/products/collateral/interfaces-modules/transceiver-modules/datasheet-c78-736282.html,
N9300,N9K-C9364D-GX2A, ,TMG,QSFP100,QSFP-100G-ER4L-S, , ,NX-OS,NX-OS 10.2(3) F,NX-OS,NX-OS 10.2(3) F, ,100 Gbps,QSFP28,40km,Duplex Fiber,SMF,LC (UPC),Optic,0 to 70C,Y,100GBASE-ER4 compatible,40km (with host FEC), 30km (without host FEC). . V01 of QSFP-100G-ER4L-S allows Tx Power range with +4.5 (Max) to -2.9 (Min) and Rx Power range with -4.9 (Max) to -19.9 (Min). ,https://www.cisco.com/c/en/us/support/switches/nexus-9000-series-switches/series.html,https://www.cisco.com/c/en/us/products/collateral/interfaces-modules/transceiver-modules/datasheet-c78-736282.html,
N9300,N9K-C9364D-GX2A, ,TMG,QSFP100,QSFP-40/100-SRBD, , ,ACI,ACI-N9KDK9-15.2(5),ACI,ACI-N9KDK9-15.2(5), ,40/100 Gbps,QSFP28,150m,Duplex Fiber,MMF,LC (UPC),Optic,40G: +10 to +70C / 100G: +10 to +60C,Y, ,OM3: 70m; OM4: 100m; OM5: 150m. ,https://www.cisco.com/c/en/us/support/switches/nexus-9000-series-switches/series.html,https://www.cisco.com/c/en/us/products/collateral/interfaces-modules/transceiver-modules/datasheet-c78-736282.html,
N9300,N9K-C9364D-GX2A, ,TMG,QSFP100,QSFP-40/100-SRBD, , ,NX-OS,NX-OS 10.2(3) F,NX-OS,NX-OS 10.2(3) F, ,40/100 Gbps,QSFP28,150m,Duplex Fiber,MMF,LC (UPC),Optic,40G: +10 to +70C / 100G: +10 to +60C,Y, ,OM3: 70m; OM4: 100m; OM5: 150m. ,https://www.cisco.com/c/en/us/support/switches/nexus-9000-series-switches/series.html,https://www.cisco.com/c/en/us/products/collateral/interfaces-modules/transceiver-modules/datasheet-c78-736282.html,
N9300,N9K-C9364D-GX2A, ,TMG,QSFP100,QSFP-100G-FR-S, , ,ACI,ACI-N9KDK9-15.2(5),ACI,ACI-N9KDK9-15.2(5), ,100 Gbps,QSFP28,2km,Duplex Fiber,SMF,LC (UPC),Optic,0 to 70C,Y, , ,https://www.cisco.com/c/en/us/support/switches/nexus-9000-series-switches/series.html,https://www.cisco.com/c/en/us/products/collateral/interfaces-modules/transceiver-modules/datasheet-c78-736282.html,
N9300,N9K-C9364D-GX2A, ,TMG,QSFP100,QSFP-100G-FR-S, , ,NX-OS,NX-OS 10.2(3) F,NX-OS,NX-OS 10.2(3) F,Supports V02 and above of the QSFP-100G-FR-S optic.,100 Gbps,QSFP28,2km,Duplex Fiber,SMF,LC (UPC),Optic,0 to 70C,Y, , ,https://www.cisco.com/c/en/us/support/switches/nexus-9000-series-switches/series.html,https://www.cisco.com/c/en/us/products/collateral/interfaces-modules/transceiver-modules/datasheet-c78-736282.html,
N9300,N9K-C9364D-GX2A, ,TMG,QSFP100,QSFP-100G-CU1M, , ,ACI,ACI-N9KDK9-15.2(5), ,?, ,100 Gbps,QSFP28,1m,Preterminated cable,DAC,N/A,Cable,0 to 70C, , , ,https://www.cisco.com/c/en/us/support/switches/nexus-9000-series-switches/series.html,https://www.cisco.com/c/en/us/products/collateral/interfaces-modules/transceiver-modules/datasheet-c78-736282.html,
N9300,N9K-C9364D-GX2A, ,TMG,QSFP100,QSFP-100G-CU1M, , ,NX-OS,NX-OS 10.2(3) F, ,?, ,100 Gbps,QSFP28,1m,Preterminated cable,DAC,N/A,Cable,0 to 70C, , , ,https://www.cisco.com/c/en/us/support/switches/nexus-9000-series-switches/series.html,https://www.cisco.com/c/en/us/products/collateral/interfaces-modules/transceiver-modules/datasheet-c78-736282.html,
N9300,N9K-C9364D-GX2A, ,TMG,QSFP100,QSFP-100G-CU2M, , ,ACI,ACI-N9KDK9-15.2(5), ,?, ,100 Gbps,QSFP28,2m,Preterminated cable,DAC,N/A,Cable,0 to 70C, , , ,https://www.cisco.com/c/en/us/support/switches/nexus-9000-series-switches/series.html,https://www.cisco.com/c/en/us/products/collateral/interfaces-modules/transceiver-modules/datasheet-c78-736282.html,
N9300,N9K-C9364D-GX2A, ,TMG,QSFP100,QSFP-100G-CU2M, , ,NX-OS,NX-OS 10.2(3) F, ,?, ,100 Gbps,QSFP28,2m,Preterminated cable,DAC,N/A,Cable,0 to 70C, , , ,https://www.cisco.com/c/en/us/support/switches/nexus-9000-series-switches/series.html,https://www.cisco.com/c/en/us/products/collateral/interfaces-modules/transceiver-modules/datasheet-c78-736282.html,
N9300,N9K-C9364D-GX2A, ,TMG,QSFP100,QSFP-100G-CU3M, , ,ACI,ACI-N9KDK9-15.2(5), ,?, ,100 Gbps,QSFP28,3m,Preterminated cable,DAC,N/A,Cable,0 to 70C, , , ,https://www.cisco.com/c/en/us/support/switches/nexus-9000-series-switches/series.html,https://www.cisco.com/c/en/us/products/collateral/interfaces-modules/transceiver-modules/datasheet-c78-736282.html,
N9300,N9K-C9364D-GX2A, ,TMG,QSFP100,QSFP-100G-CU3M, , ,NX-OS,NX-OS 10.2(3) F, ,?, ,100 Gbps,QSFP28,3m,Preterminated cable,DAC,N/A,Cable,0 to 70C, , , ,https://www.cisco.com/c/en/us/support/switches/nexus-9000-series-switches/series.html,https://www.cisco.com/c/en/us/products/collateral/interfaces-modules/transceiver-modules/datasheet-c78-736282.html,
N9300,N9K-C9364D-GX2A, ,TMG,QSFP100,QSFP-100G-CU5M, , ,ACI,ACI-N9KDK9-15.2(5), ,?, ,100 Gbps,QSFP28,5m,Preterminated cable,DAC,N/A,Cable,0 to 70C, , , ,https://www.cisco.com/c/en/us/support/switches/nexus-9000-series-switches/series.html,https://www.cisco.com/c/en/us/products/collateral/interfaces-modules/transceiver-modules/datasheet-c78-736282.html,
N9300,N9K-C9364D-GX2A, ,TMG,QSFP100,QSFP-100G-CU5M, , ,NX-OS,NX-OS 10.2(3) F, ,?, ,100 Gbps,QSFP28,5m,Preterminated cable,DAC,N/A,Cable,0 to 70C, , , ,https://www.cisco.com/c/en/us/support/switches/nexus-9000-series-switches/series.html,https://www.cisco.com/c/en/us/products/collateral/interfaces-modules/transceiver-modules/datasheet-c78-736282.html,
N9300,N9K-C9364D-GX2A, ,TMG,QSFP100,QSFP-4SFP25G-CU1M, , ,ACI,ACI-N9KDK9-16.0(3), ,?, ,100 Gbps,QSFP28,1m,Preterminated breakout cable,DAC,N/A,Cable,0 to 70C, , , ,https://www.cisco.com/c/en/us/support/switches/nexus-9000-series-switches/series.html,https://www.cisco.com/c/en/us/products/collateral/interfaces-modules/transceiver-modules/datasheet-c78-736282.html,
N9300,N9K-C9364D-GX2A, ,TMG,QSFP100,QSFP-4SFP25G-CU1M, , ,NX-OS,NX-OS 10.2(3) F, ,?, ,100 Gbps,QSFP28,1m,Preterminated breakout cable,DAC,N/A,Cable,0 to 70C, , , ,https://www.cisco.com/c/en/us/support/switches/nexus-9000-series-switches/series.html,https://www.cisco.com/c/en/us/products/collateral/interfaces-modules/transceiver-modules/datasheet-c78-736282.html,
N9300,N9K-C9364D-GX2A, ,TMG,QSFP100,QSFP-4SFP25G-CU2M, , ,ACI,ACI-N9KDK9-16.0(3), ,?, ,100 Gbps,QSFP28,2m,Preterminated breakout cable,DAC,N/A,Cable,0 to 70C, , , ,https://www.cisco.com/c/en/us/support/switches/nexus-9000-series-switches/series.html,https://www.cisco.com/c/en/us/products/collateral/interfaces-modules/transceiver-modules/datasheet-c78-736282.html,
N9300,N9K-C9364D-GX2A, ,TMG,QSFP100,QSFP-4SFP25G-CU2M, , ,NX-OS,NX-OS 10.2(3) F, ,?, ,100 Gbps,QSFP28,2m,Preterminated breakout cable,DAC,N/A,Cable,0 to 70C, , , ,https://www.cisco.com/c/en/us/support/switches/nexus-9000-series-switches/series.html,https://www.cisco.com/c/en/us/products/collateral/interfaces-modules/transceiver-modules/datasheet-c78-736282.html,
N9300,N9K-C9364D-GX2A, ,TMG,QSFP100,QSFP-4SFP25G-CU3M, , ,ACI,ACI-N9KDK9-16.0(3), ,?, ,100 Gbps,QSFP28,3m,Preterminated breakout cable,DAC,N/A,Cable,0 to 70C, , , ,https://www.cisco.com/c/en/us/support/switches/nexus-9000-series-switches/series.html,https://www.cisco.com/c/en/us/products/collateral/interfaces-modules/transceiver-modules/datasheet-c78-736282.html,
N9300,N9K-C9364D-GX2A, ,TMG,QSFP100,QSFP-4SFP25G-CU3M, , ,NX-OS,NX-OS 10.2(3) F, ,?, ,100 Gbps,QSFP28,3m,Preterminated breakout cable,DAC,N/A,Cable,0 to 70C, , , ,https://www.cisco.com/c/en/us/support/switches/nexus-9000-series-switches/series.html,https://www.cisco.com/c/en/us/products/collateral/interfaces-modules/transceiver-modules/datasheet-c78-736282.html,
N9300,N9K-C9364D-GX2A, ,TMG,QSFP100,QSFP-4SFP25G-CU5M, , ,ACI,ACI-N9KDK9-16.0(3), ,?, ,100 Gbps,QSFP28,5m,Preterminated breakout cable,DAC,N/A,Cable,0 to 70C, , , ,https://www.cisco.com/c/en/us/support/switches/nexus-9000-series-switches/series.html,https://www.cisco.com/c/en/us/products/collateral/interfaces-modules/transceiver-modules/datasheet-c78-736282.html,
N9300,N9K-C9364D-GX2A, ,TMG,QSFP100,QSFP-4SFP25G-CU5M, , ,NX-OS,NX-OS 10.2(3) F, ,?, ,100 Gbps,QSFP28,5m,Preterminated breakout cable,DAC,N/A,Cable,0 to 70C, , , ,https://www.cisco.com/c/en/us/support/switches/nexus-9000-series-switches/series.html,https://www.cisco.com/c/en/us/products/collateral/interfaces-modules/transceiver-modules/datasheet-c78-736282.html,
N9300,N9K-C9364D-GX2A, ,TMG,QSFP100,QSFP-100G-AOC1M, , ,ACI,ACI-N9KDK9-15.2(5), ,?, ,100 Gbps,QSFP28,1m,Preterminated cable,AOC,N/A,Cable,0 to 70C, , , ,https://www.cisco.com/c/en/us/support/switches/nexus-9000-series-switches/series.html,https://www.cisco.com/c/en/us/products/collateral/interfaces-modules/transceiver-modules/datasheet-c78-736282.html,
N9300,N9K-C9364D-GX2A, ,TMG,QSFP100,QSFP-100G-AOC1M, , ,NX-OS,NX-OS 10.2(3) F, ,?, ,100 Gbps,QSFP28,1m,Preterminated cable,AOC,N/A,Cable,0 to 70C, , , ,https://www.cisco.com/c/en/us/support/switches/nexus-9000-series-switches/series.html,https://www.cisco.com/c/en/us/products/collateral/interfaces-modules/transceiver-modules/datasheet-c78-736282.html,
N9300,N9K-C9364D-GX2A, ,TMG,QSFP100,QSFP-100G-AOC2M, , ,ACI,ACI-N9KDK9-15.2(5), ,?, ,100 Gbps,QSFP28,2m,Preterminated cable,AOC,N/A,Cable,0 to 70C, , , ,https://www.cisco.com/c/en/us/support/switches/nexus-9000-series-switches/series.html,https://www.cisco.com/c/en/us/products/collateral/interfaces-modules/transceiver-modules/datasheet-c78-736282.html,
N9300,N9K-C9364D-GX2A, ,TMG,QSFP100,QSFP-100G-AOC2M, , ,NX-OS,NX-OS 10.2(3) F, ,?, ,100 Gbps,QSFP28,2m,Preterminated cable,AOC,N/A,Cable,0 to 70C, , , ,https://www.cisco.com/c/en/us/support/switches/nexus-9000-series-switches/series.html,https://www.cisco.com/c/en/us/products/collateral/interfaces-modules/transceiver-modules/datasheet-c78-736282.html,
N9300,N9K-C9364D-GX2A, ,TMG,QSFP100,QSFP-100G-AOC3M, , ,ACI,ACI-N9KDK9-15.2(5), ,?, ,100 Gbps,QSFP28,3m,Preterminated cable,AOC,N/A,Cable,0 to 70C, , , ,https://www.cisco.com/c/en/us/support/switches/nexus-9000-series-switches/series.html,https://www.cisco.com/c/en/us/products/collateral/interfaces-modules/transceiver-modules/datasheet-c78-736282.html,
N9300,N9K-C9364D-GX2A, ,TMG,QSFP100,QSFP-100G-AOC3M, , ,NX-OS,NX-OS 10.2(3) F, ,?, ,100 Gbps,QSFP28,3m,Preterminated cable,AOC,N/A,Cable,0 to 70C, , , ,https://www.cisco.com/c/en/us/support/switches/nexus-9000-series-switches/series.html,https://www.cisco.com/c/en/us/products/collateral/interfaces-modules/transceiver-modules/datasheet-c78-736282.html,
N9300,N9K-C9364D-GX2A, ,TMG,QSFP100,QSFP-100G-AOC5M, , ,ACI,ACI-N9KDK9-15.2(5), ,?, ,100 Gbps,QSFP28,5m,Preterminated cable,AOC,N/A,Cable,0 to 70C, , , ,https://www.cisco.com/c/en/us/support/switches/nexus-9000-series-switches/series.html,https://www.cisco.com/c/en/us/products/collateral/interfaces-modules/transceiver-modules/datasheet-c78-736282.html,
N9300,N9K-C9364D-GX2A, ,TMG,QSFP100,QSFP-100G-AOC5M, , ,NX-OS,NX-OS 10.2(3) F, ,?, ,100 Gbps,QSFP28,5m,Preterminated cable,AOC,N/A,Cable,0 to 70C, , , ,https://www.cisco.com/c/en/us/support/switches/nexus-9000-series-switches/series.html,https://www.cisco.com/c/en/us/products/collateral/interfaces-modules/transceiver-modules/datasheet-c78-736282.html,
N9300,N9K-C9364D-GX2A, ,TMG,QSFP100,QSFP-100G-AOC7M, , ,ACI,ACI-N9KDK9-15.2(5), ,?, ,100 Gbps,QSFP28,7m,Preterminated cable,AOC,N/A,Cable,0 to 70C, , , ,https://www.cisco.com/c/en/us/support/switches/nexus-9000-series-switches/series.html,https://www.cisco.com/c/en/us/products/collateral/interfaces-modules/transceiver-modules/datasheet-c78-736282.html,
N9300,N9K-C9364D-GX2A, ,TMG,QSFP100,QSFP-100G-AOC10M, , ,ACI,ACI-N9KDK9-15.2(5), ,?, ,100 Gbps,QSFP28,10m,Preterminated cable,AOC,N/A,Cable,0 to 70C, , , ,https://www.cisco.com/c/en/us/support/switches/nexus-9000-series-switches/series.html,https://www.cisco.com/c/en/us/products/collateral/interfaces-modules/transceiver-modules/datasheet-c78-736282.html,
N9300,N9K-C9364D-GX2A, ,TMG,QSFP100,QSFP-100G-AOC10M, , ,NX-OS,NX-OS 10.2(3) F, ,?, ,100 Gbps,QSFP28,10m,Preterminated cable,AOC,N/A,Cable,0 to 70C, , , ,https://www.cisco.com/c/en/us/support/switches/nexus-9000-series-switches/series.html,https://www.cisco.com/c/en/us/products/collateral/interfaces-modules/transceiver-modules/datasheet-c78-736282.html,
N9300,N9K-C9364D-GX2A, ,TMG,QSFP100,QSFP-100G-AOC15M, , ,ACI,ACI-N9KDK9-15.2(5), ,?, ,100 Gbps,QSFP28,15m,Preterminated cable,AOC,N/A,Cable,0 to 70C, , , ,https://www.cisco.com/c/en/us/support/switches/nexus-9000-series-switches/series.html,https://www.cisco.com/c/en/us/products/collateral/interfaces-modules/transceiver-modules/datasheet-c78-736282.html,
N9300,N9K-C9364D-GX2A, ,TMG,QSFP100,QSFP-100G-AOC15M, , ,NX-OS,NX-OS 10.2(3) F, ,?, ,100 Gbps,QSFP28,15m,Preterminated cable,AOC,N/A,Cable,0 to 70C, , , ,https://www.cisco.com/c/en/us/support/switches/nexus-9000-series-switches/series.html,https://www.cisco.com/c/en/us/products/collateral/interfaces-modules/transceiver-modules/datasheet-c78-736282.html,
N9300,N9K-C9364D-GX2A, ,TMG,QSFP100,QSFP-100G-AOC25M, , ,ACI,ACI-N9KDK9-15.2(5), ,?, ,100 Gbps,QSFP28,25m,Preterminated cable,AOC,N/A,Cable,0 to 70C, , , ,https://www.cisco.com/c/en/us/support/switches/nexus-9000-series-switches/series.html,https://www.cisco.com/c/en/us/products/collateral/interfaces-modules/transceiver-modules/datasheet-c78-736282.html,
N9300,N9K-C9364D-GX2A, ,TMG,QSFP100,QSFP-100G-AOC25M, , ,NX-OS,NX-OS 10.2(3) F, ,?, ,100 Gbps,QSFP28,25m,Preterminated cable,AOC,N/A,Cable,0 to 70C, , , ,https://www.cisco.com/c/en/us/support/switches/nexus-9000-series-switches/series.html,https://www.cisco.com/c/en/us/products/collateral/interfaces-modules/transceiver-modules/datasheet-c78-736282.html,
N9300,N9K-C9364D-GX2A, ,TMG,QSFP100,QSFP-100G-AOC30M, , ,ACI,ACI-N9KDK9-15.2(5), ,?, ,100 Gbps,QSFP28,30m,Preterminated cable,AOC,N/A,Cable,0 to 70C, , , ,https://www.cisco.com/c/en/us/support/switches/nexus-9000-series-switches/series.html,https://www.cisco.com/c/en/us/products/collateral/interfaces-modules/transceiver-modules/datasheet-c78-736282.html,
N9300,N9K-C9364D-GX2A, ,TMG,QSFP100,QSFP-100G-AOC30M, , ,NX-OS,NX-OS 10.2(3) F, ,?, ,100 Gbps,QSFP28,30m,Preterminated cable,AOC,N/A,Cable,0 to 70C, , , ,https://www.cisco.com/c/en/us/support/switches/nexus-9000-series-switches/series.html,https://www.cisco.com/c/en/us/products/collateral/interfaces-modules/transceiver-modules/datasheet-c78-736282.html,
N9300,N9K-C9364D-GX2A, ,TMG,SFP25G,SFP-25G-AOC1M, , ,NX-OS,NX-OS 10.6(1), ,?,For QSFP or QSFP-DD ports, QSA28 (CVR-QSFP28-SFP25G) is required,25 Gbps,SFP28,1m,Preterminated cable,AOC,N/A,Cable,0 to 70C, , , ,https://www.cisco.com/c/en/us/support/switches/nexus-9000-series-switches/series.html,https://www.cisco.com/c/en/us/products/collateral/interfaces-modules/transceiver-modules/datasheet-c78-736950.html,
N9300,N9K-C9364D-GX2A, ,TMG,SFP25G,SFP-25G-AOC2M, , ,NX-OS,NX-OS 10.6(1), ,?,For QSFP or QSFP-DD ports, QSA28 (CVR-QSFP28-SFP25G) is required,25 Gbps,SFP28,2m,Preterminated cable,AOC,N/A,Cable,0 to 70C, , , ,https://www.cisco.com/c/en/us/support/switches/nexus-9000-series-switches/series.html,https://www.cisco.com/c/en/us/products/collateral/interfaces-modules/transceiver-modules/datasheet-c78-736950.html,
N9300,N9K-C9364D-GX2A, ,TMG,SFP25G,SFP-25G-AOC3M, , ,NX-OS,NX-OS 10.6(1), ,?,For QSFP or QSFP-DD ports, QSA28 (CVR-QSFP28-SFP25G) is required,25 Gbps,SFP28,3m,Preterminated cable,AOC,N/A,Cable,0 to 70C, , , ,https://www.cisco.com/c/en/us/support/switches/nexus-9000-series-switches/series.html,https://www.cisco.com/c/en/us/products/collateral/interfaces-modules/transceiver-modules/datasheet-c78-736950.html,
N9300,N9K-C9364D-GX2A, ,TMG,SFP25G,SFP-25G-AOC5M, , ,NX-OS,NX-OS 10.6(1), ,?,For QSFP or QSFP-DD ports, QSA28 (CVR-QSFP28-SFP25G) is required,25 Gbps,SFP28,5m,Preterminated cable,AOC,N/A,Cable,0 to 70C, , , ,https://www.cisco.com/c/en/us/support/switches/nexus-9000-series-switches/series.html,https://www.cisco.com/c/en/us/products/collateral/interfaces-modules/transceiver-modules/datasheet-c78-736950.html,
N9300,N9K-C9364D-GX2A, ,TMG,SFP25G,SFP-25G-AOC7M, , ,NX-OS,NX-OS 10.6(1), ,?,For QSFP or QSFP-DD ports, QSA28 (CVR-QSFP28-SFP25G) is required,25 Gbps,SFP28,7m,Preterminated cable,AOC,N/A,Cable,0 to 70C, , , ,https://www.cisco.com/c/en/us/support/switches/nexus-9000-series-switches/series.html,https://www.cisco.com/c/en/us/products/collateral/interfaces-modules/transceiver-modules/datasheet-c78-736950.html,
N9300,N9K-C9364D-GX2A, ,TMG,SFP25G,SFP-25G-AOC10M, , ,NX-OS,NX-OS 10.6(1), ,?,For QSFP or QSFP-DD ports, QSA28 (CVR-QSFP28-SFP25G) is required,25 Gbps,SFP28,10m,Preterminated cable,AOC,N/A,Cable,0 to 70C, , , ,https://www.cisco.com/c/en/us/support/switches/nexus-9000-series-switches/series.html,https://www.cisco.com/c/en/us/products/collateral/interfaces-modules/transceiver-modules/datasheet-c78-736950.html,
N9300,N9K-C9364D-GX2A, ,TMG,SFP25G,SFP-25G-SR-S, , ,NX-OS,NX-OS 10.6(1),NX-OS,NX-OS 10.6(1),For QSFP or QSFP-DD ports, QSA28 (CVR-QSFP28-SFP25G) is required,25 Gbps,SFP28,100m,Duplex Fiber,MMF,LC (UPC),Optic,0 to 70C,Y,IEEE 25GBASE-SR,OM3: 70m; OM4/OM5: 100m. ,https://www.cisco.com/c/en/us/support/switches/nexus-9000-series-switches/series.html,https://www.cisco.com/c/en/us/products/collateral/interfaces-modules/transceiver-modules/datasheet-c78-736950.html,
N9300,N9K-C9364D-GX2A, ,TMG,SFP10G,SFP-10G-SR, , ,ACI,ACI-N9KDK9-15.2(5),ACI,ACI-N9KDK9-15.2(5),For QSFP-DD ports, QSA (CVR-QSFP-SFP10G) required,10 Gbps,SFP+,400m,Duplex Fiber,MMF,LC (UPC),Optic,0 to 70C,Y,IEEE 10GBASE-SR,FDDI: 26m; OM1: 33m; OM2: 82m; OM3: 300m; OM4/OM5: 400m. ,https://www.cisco.com/c/en/us/support/switches/nexus-9000-series-switches/series.html,https://www.cisco.com/c/en/us/products/collateral/interfaces-modules/transceiver-modules/data_sheet_c78-455693.html,
N9300,N9K-C9364D-GX2A, ,TMG,SFP10G,SFP-10G-SR, , ,NX-OS,NX-OS 10.2(3) F,NX-OS,NX-OS 10.2(3) F,For QSFP-DD ports, QSA (CVR-QSFP-SFP10G) required,10 Gbps,SFP+,400m,Duplex Fiber,MMF,LC (UPC),Optic,0 to 70C,Y,IEEE 10GBASE-SR,FDDI: 26m; OM1: 33m; OM2: 82m; OM3: 300m; OM4/OM5: 400m. ,https://www.cisco.com/c/en/us/support/switches/nexus-9000-series-switches/series.html,https://www.cisco.com/c/en/us/products/collateral/interfaces-modules/transceiver-modules/data_sheet_c78-455693.html,
N9300,N9K-C9364D-GX2A, ,TMG,SFP10G,SFP-10G-SR-S, , ,ACI,ACI-N9KDK9-15.2(5),ACI,ACI-N9KDK9-15.2(5),For QSFP-DD ports, QSA (CVR-QSFP-SFP10G) required,10 Gbps,SFP+,400m,Duplex Fiber,MMF,LC (UPC),Optic,0 to 70C,Y,IEEE 10GBASE-SR,FDDI: 26m; OM1: 33m; OM2: 82m; OM3: 300m; OM4/OM5: 400m. ,https://www.cisco.com/c/en/us/support/switches/nexus-9000-series-switches/series.html,https://www.cisco.com/c/en/us/products/collateral/interfaces-modules/transceiver-modules/data_sheet_c78-455693.html,
N9300,N9K-C9364D-GX2A, ,TMG,SFP10G,SFP-10G-SR-S, , ,NX-OS,NX-OS 10.6(1),NX-OS,NX-OS 10.6(1),For QSFP or QSFP-DD ports, QSA28 (CVR-QSFP28-SFP25G) is required,10 Gbps,SFP+,400m,Duplex Fiber,MMF,LC (UPC),Optic,0 to 70C,Y,IEEE 10GBASE-SR,FDDI: 26m; OM1: 33m; OM2: 82m; OM3: 300m; OM4/OM5: 400m. ,https://www.cisco.com/c/en/us/support/switches/nexus-9000-series-switches/series.html,https://www.cisco.com/c/en/us/products/collateral/interfaces-modules/transceiver-modules/data_sheet_c78-455693.html,
N9300,N9K-C9364D-GX2A, ,TMG,SFP10G,SFP-10G-SR-S, , ,NX-OS,NX-OS 10.2(3) F,NX-OS,NX-OS 10.2(3) F,For QSFP-DD ports, QSA (CVR-QSFP-SFP10G) required,10 Gbps,SFP+,400m,Duplex Fiber,MMF,LC (UPC),Optic,0 to 70C,Y,IEEE 10GBASE-SR,FDDI: 26m; OM1: 33m; OM2: 82m; OM3: 300m; OM4/OM5: 400m. ,https://www.cisco.com/c/en/us/support/switches/nexus-9000-series-switches/series.html,https://www.cisco.com/c/en/us/products/collateral/interfaces-modules/transceiver-modules/data_sheet_c78-455693.html,
N9300,N9K-C9364D-GX2A, ,TMG,SFP10G,SFP-10G-LR, , ,ACI,ACI-N9KDK9-15.2(5),ACI,ACI-N9KDK9-15.2(5),For QSFP-DD ports, QSA (CVR-QSFP-SFP10G) required,10 Gbps,SFP+,10km,Duplex Fiber,SMF,LC (UPC),Optic,0 to 70C,Y,IEEE 10GBASE-LR, ,https://www.cisco.com/c/en/us/support/switches/nexus-9000-series-switches/series.html,https://www.cisco.com/c/en/us/products/collateral/interfaces-modules/transceiver-modules/data_sheet_c78-455693.html,
N9300,N9K-C9364D-GX2A, ,TMG,SFP10G,SFP-10G-LR, , ,NX-OS,NX-OS 10.2(3) F,NX-OS,NX-OS 10.2(3) F,For QSFP-DD ports, QSA (CVR-QSFP-SFP10G) required,10 Gbps,SFP+,10km,Duplex Fiber,SMF,LC (UPC),Optic,0 to 70C,Y,IEEE 10GBASE-LR, ,https://www.cisco.com/c/en/us/support/switches/nexus-9000-series-switches/series.html,https://www.cisco.com/c/en/us/products/collateral/interfaces-modules/transceiver-modules/data_sheet_c78-455693.html,
N9300,N9K-C9364D-GX2A, ,TMG,SFP10G,SFP-10G-LR-S, , ,NX-OS,NX-OS 10.6(1),NX-OS,NX-OS 10.6(1),For QSFP or QSFP-DD ports, QSA28 (CVR-QSFP28-SFP25G) is required,10 Gbps,SFP+,10km,Duplex Fiber,SMF,LC (UPC),Optic,0 to 70C,Y,IEEE 10GBASE-LR, ,https://www.cisco.com/c/en/us/support/switches/nexus-9000-series-switches/series.html,https://www.cisco.com/c/en/us/products/collateral/interfaces-modules/transceiver-modules/data_sheet_c78-455693.html,
N9300,N9K-C9364D-GX2A, ,TMG,SFP10G,SFP-10G-LR-S, , ,NX-OS,NX-OS 10.2(3) F,NX-OS,NX-OS 10.2(3) F,For QSFP-DD ports, QSA (CVR-QSFP-SFP10G) required,10 Gbps,SFP+,10km,Duplex Fiber,SMF,LC (UPC),Optic,0 to 70C,Y,IEEE 10GBASE-LR, ,https://www.cisco.com/c/en/us/support/switches/nexus-9000-series-switches/series.html,https://www.cisco.com/c/en/us/products/collateral/interfaces-modules/transceiver-modules/data_sheet_c78-455693.html,
N9300,N9K-C9364D-GX2A, ,TMG,SFP10G,SFP-10G-LR-S, , ,ACI,ACI-N9KDK9-15.2(5),ACI,ACI-N9KDK9-15.2(5),For QSFP-DD ports, QSA (CVR-QSFP-SFP10G) required,10 Gbps,SFP+,10km,Duplex Fiber,SMF,LC (UPC),Optic,0 to 70C,Y,IEEE 10GBASE-LR, ,https://www.cisco.com/c/en/us/support/switches/nexus-9000-series-switches/series.html,https://www.cisco.com/c/en/us/products/collateral/interfaces-modules/transceiver-modules/data_sheet_c78-455693.html,
N9300,N9K-C9364D-GX2A, ,TMG,SFP10G,SFP-10G-ER, , ,ACI,ACI-N9KDK9-15.2(5),ACI,ACI-N9KDK9-15.2(5),For QSFP-DD ports, QSA (CVR-QSFP-SFP10G) required,10 Gbps,SFP+,40km,Duplex Fiber,SMF,LC (UPC),Optic,0 to 70C,Y,IEEE 10GBASE-ER, ,https://www.cisco.com/c/en/us/support/switches/nexus-9000-series-switches/series.html,https://www.cisco.com/c/en/us/products/collateral/interfaces-modules/transceiver-modules/data_sheet_c78-455693.html,
N9300,N9K-C9364D-GX2A, ,TMG,SFP10G,SFP-10G-ER-S, , ,ACI,ACI-N9KDK9-15.2(5),ACI,ACI-N9KDK9-15.2(5),For QSFP-DD ports, QSA (CVR-QSFP-SFP10G) required,10 Gbps,SFP+,40km,Duplex Fiber,SMF,LC (UPC),Optic,0 to 70C,Y,IEEE 10GBASE-ER, ,https://www.cisco.com/c/en/us/support/switches/nexus-9000-series-switches/series.html,https://www.cisco.com/c/en/us/products/collateral/interfaces-modules/transceiver-modules/data_sheet_c78-455693.html,
N9300,N9K-C9364D-GX2A, ,TMG,SFP10G,SFP-10G-ZR, , ,ACI,ACI-N9KDK9-15.2(5),ACI,ACI-N9KDK9-15.2(5),For QSFP-DD ports, QSA (CVR-QSFP-SFP10G) required,10 Gbps,SFP+,80km,Duplex Fiber,SMF,LC (UPC),Optic,0 to 70C,Y,IEEE 10GBASE-ZR, ,https://www.cisco.com/c/en/us/support/switches/nexus-9000-series-switches/series.html,https://www.cisco.com/c/en/us/products/collateral/interfaces-modules/transceiver-modules/data_sheet_c78-455693.html,
N9300,N9K-C9364D-GX2A, ,TMG,SFP10G,SFP-10G-ZR-S, , ,NX-OS,NX-OS 10.3(2),NX-OS,NX-OS 10.3(2),Only on 2 SFP+ ports,10 Gbps,SFP+,80km,Duplex Fiber,SMF,LC (UPC),Optic,0 to 70C,Y,IEEE 10GBASE-ZR, ,https://www.cisco.com/c/en/us/support/switches/nexus-9000-series-switches/series.html,https://www.cisco.com/c/en/us/products/collateral/interfaces-modules/transceiver-modules/data_sheet_c78-455693.html,
N9300,N9K-C9364D-GX2A, ,TMG,SFP10G,SFP-H10GB-CU1M, , ,ACI,ACI-N9KDK9-15.2(5), ,?,For QSFP-DD ports, QSA (CVR-QSFP-SFP10G) required,10 Gbps,SFP+,1m,Preterminated cable,DAC,N/A,Cable,0 to 70C, ,SFP+ MSA SFF-8431,. Only Version -02 and later of this DAC is supported. ,https://www.cisco.com/c/en/us/support/switches/nexus-9000-series-switches/series.html,https://www.cisco.com/c/en/us/products/collateral/interfaces-modules/transceiver-modules/data_sheet_c78-455693.html,
N9300,N9K-C9364D-GX2A, ,TMG,SFP10G,SFP-H10GB-CU1M, , ,NX-OS,NX-OS 10.2(3) F, ,?,For QSFP-DD ports, QSA (CVR-QSFP-SFP10G) required,10 Gbps,SFP+,1m,Preterminated cable,DAC,N/A,Cable,0 to 70C, ,SFP+ MSA SFF-8431,. Only Version -02 and later of this DAC is supported. ,https://www.cisco.com/c/en/us/support/switches/nexus-9000-series-switches/series.html,https://www.cisco.com/c/en/us/products/collateral/interfaces-modules/transceiver-modules/data_sheet_c78-455693.html,
N9300,N9K-C9364D-GX2A, ,TMG,SFP10G,SFP-H10GB-CU3M, , ,ACI,ACI-N9KDK9-15.2(5), ,?,For QSFP-DD ports, QSA (CVR-QSFP-SFP10G) required,10 Gbps,SFP+,3m,Preterminated cable,DAC,N/A,Cable,0 to 70C, ,SFP+ MSA SFF-8431,. Only Version -02 and later of this DAC is supported. ,https://www.cisco.com/c/en/us/support/switches/nexus-9000-series-switches/series.html,https://www.cisco.com/c/en/us/products/collateral/interfaces-modules/transceiver-modules/data_sheet_c78-455693.html,
N9300,N9K-C9364D-GX2A, ,TMG,SFP10G,SFP-H10GB-CU3M, , ,NX-OS,NX-OS 10.2(3) F, ,?,For QSFP-DD ports, QSA (CVR-QSFP-SFP10G) required,10 Gbps,SFP+,3m,Preterminated cable,DAC,N/A,Cable,0 to 70C, ,SFP+ MSA SFF-8431,. Only Version -02 and later of this DAC is supported. ,https://www.cisco.com/c/en/us/support/switches/nexus-9000-series-switches/series.html,https://www.cisco.com/c/en/us/products/collateral/interfaces-modules/transceiver-modules/data_sheet_c78-455693.html,
N9300,N9K-C9364D-GX2A, ,TMG,SFP10G,SFP-H10GB-CU5M, , ,ACI,ACI-N9KDK9-15.2(5), ,?,For QSFP-DD ports, QSA (CVR-QSFP-SFP10G) required,10 Gbps,SFP+,5m,Preterminated cable,DAC,N/A,Cable,0 to 70C, ,SFP+ MSA SFF-8431,. Only Version -02 and later of this DAC is supported. ,https://www.cisco.com/c/en/us/support/switches/nexus-9000-series-switches/series.html,https://www.cisco.com/c/en/us/products/collateral/interfaces-modules/transceiver-modules/data_sheet_c78-455693.html,
N9300,N9K-C9364D-GX2A, ,TMG,SFP10G,SFP-H10GB-CU5M, , ,NX-OS,NX-OS 10.2(3) F, ,?,For QSFP-DD ports, QSA (CVR-QSFP-SFP10G) required,10 Gbps,SFP+,5m,Preterminated cable,DAC,N/A,Cable,0 to 70C, ,SFP+ MSA SFF-8431,. Only Version -02 and later of this DAC is supported. ,https://www.cisco.com/c/en/us/support/switches/nexus-9000-series-switches/series.html,https://www.cisco.com/c/en/us/products/collateral/interfaces-modules/transceiver-modules/data_sheet_c78-455693.html,
N9300,N9K-C9364D-GX2A, ,TMG,SFP10G,SFP-H10GB-ACU7M, , ,ACI,ACI-N9KDK9-15.2(5), ,?,For QSFP-DD ports, QSA (CVR-QSFP-SFP10G) required,10 Gbps,SFP+,7m,Preterminated cable,DAC,N/A,Cable,0 to 70C, ,SFP+ MSA SFF-8431, ,https://www.cisco.com/c/en/us/support/switches/nexus-9000-series-switches/series.html,https://www.cisco.com/c/en/us/products/collateral/interfaces-modules/transceiver-modules/data_sheet_c78-455693.html,
N9300,N9K-C9364D-GX2A, ,TMG,SFP10G,SFP-H10GB-ACU7M, , ,NX-OS,NX-OS 10.2(3) F, ,?,For QSFP-DD ports, QSA (CVR-QSFP-SFP10G) required,10 Gbps,SFP+,7m,Preterminated cable,DAC,N/A,Cable,0 to 70C, ,SFP+ MSA SFF-8431, ,https://www.cisco.com/c/en/us/support/switches/nexus-9000-series-switches/series.html,https://www.cisco.com/c/en/us/products/collateral/interfaces-modules/transceiver-modules/data_sheet_c78-455693.html,
N9300,N9K-C9364D-GX2A, ,TMG,SFP10G,SFP-H10GB-ACU10M, , ,ACI,ACI-N9KDK9-15.2(5), ,?,For QSFP-DD ports, QSA (CVR-QSFP-SFP10G) required,10 Gbps,SFP+,10m,Preterminated cable,DAC,N/A,Cable,0 to 70C, ,SFP+ MSA SFF-8461, ,https://www.cisco.com/c/en/us/support/switches/nexus-9000-series-switches/series.html,https://www.cisco.com/c/en/us/products/collateral/interfaces-modules/transceiver-modules/data_sheet_c78-455693.html,
N9300,N9K-C9364D-GX2A, ,TMG,SFP10G,SFP-H10GB-ACU10M, , ,NX-OS,NX-OS 10.2(3) F, ,?,For QSFP-DD ports, QSA (CVR-QSFP-SFP10G) required,10 Gbps,SFP+,10m,Preterminated cable,DAC,N/A,Cable,0 to 70C, ,SFP+ MSA SFF-8461, ,https://www.cisco.com/c/en/us/support/switches/nexus-9000-series-switches/series.html,https://www.cisco.com/c/en/us/products/collateral/interfaces-modules/transceiver-modules/data_sheet_c78-455693.html,
N9300,N9K-C9364D-GX2A, ,TMG,SFP10G,SFP-10G-AOC1M, , ,NX-OS,NX-OS 10.6(1), ,?,For QSFP or QSFP-DD ports, QSA28 (CVR-QSFP28-SFP25G) is required,10 Gbps,SFP+,1m,Preterminated cable,AOC,N/A,Cable,0 to 70C, ,SFP+ MSA SFF-8431, ,https://www.cisco.com/c/en/us/support/switches/nexus-9000-series-switches/series.html,https://www.cisco.com/c/en/us/products/collateral/interfaces-modules/transceiver-modules/data_sheet_c78-455693.html,
N9300,N9K-C9364D-GX2A, ,TMG,SFP10G,SFP-10G-AOC1M, , ,ACI,ACI-N9KDK9-15.2(5), ,?,For QSFP-DD ports, QSA (CVR-QSFP-SFP10G) required,10 Gbps,SFP+,1m,Preterminated cable,AOC,N/A,Cable,0 to 70C, ,SFP+ MSA SFF-8431, ,https://www.cisco.com/c/en/us/support/switches/nexus-9000-series-switches/series.html,https://www.cisco.com/c/en/us/products/collateral/interfaces-modules/transceiver-modules/data_sheet_c78-455693.html,
N9300,N9K-C9364D-GX2A, ,TMG,SFP10G,SFP-10G-AOC1M, , ,NX-OS,NX-OS 10.2(3) F, ,?,For QSFP-DD ports, QSA (CVR-QSFP-SFP10G) required,10 Gbps,SFP+,1m,Preterminated cable,AOC,N/A,Cable,0 to 70C, ,SFP+ MSA SFF-8431, ,https://www.cisco.com/c/en/us/support/switches/nexus-9000-series-switches/series.html,https://www.cisco.com/c/en/us/products/collateral/interfaces-modules/transceiver-modules/data_sheet_c78-455693.html,
N9300,N9K-C9364D-GX2A, ,TMG,SFP10G,SFP-10G-AOC2M, , ,ACI,ACI-N9KDK9-15.2(5), ,?,For QSFP-DD ports, QSA (CVR-QSFP-SFP10G) required,10 Gbps,SFP+,2m,Preterminated cable,AOC,N/A,Cable,0 to 70C, ,SFP+ MSA SFF-8431, ,https://www.cisco.com/c/en/us/support/switches/nexus-9000-series-switches/series.html,https://www.cisco.com/c/en/us/products/collateral/interfaces-modules/transceiver-modules/data_sheet_c78-455693.html,
N9300,N9K-C9364D-GX2A, ,TMG,SFP10G,SFP-10G-AOC2M, , ,NX-OS,NX-OS 10.6(1), ,?,For QSFP or QSFP-DD ports, QSA28 (CVR-QSFP28-SFP25G) is required,10 Gbps,SFP+,2m,Preterminated cable,AOC,N/A,Cable,0 to 70C, ,SFP+ MSA SFF-8431, ,https://www.cisco.com/c/en/us/support/switches/nexus-9000-series-switches/series.html,https://www.cisco.com/c/en/us/products/collateral/interfaces-modules/transceiver-modules/data_sheet_c78-455693.html,
N9300,N9K-C9364D-GX2A, ,TMG,SFP10G,SFP-10G-AOC2M, , ,NX-OS,NX-OS 10.2(3) F, ,?,For QSFP-DD ports, QSA (CVR-QSFP-SFP10G) required,10 Gbps,SFP+,2m,Preterminated cable,AOC,N/A,Cable,0 to 70C, ,SFP+ MSA SFF-8431, ,https://www.cisco.com/c/en/us/support/switches/nexus-9000-series-switches/series.html,https://www.cisco.com/c/en/us/products/collateral/interfaces-modules/transceiver-modules/data_sheet_c78-455693.html,
N9300,N9K-C9364D-GX2A, ,TMG,SFP10G,SFP-10G-AOC3M, , ,ACI,ACI-N9KDK9-15.2(5), ,?,For QSFP-DD ports, QSA (CVR-QSFP-SFP10G) required,10 Gbps,SFP+,3m,Preterminated cable,AOC,N/A,Cable,0 to 70C, ,SFP+ MSA SFF-8431, ,https://www.cisco.com/c/en/us/support/switches/nexus-9000-series-switches/series.html,https://www.cisco.com/c/en/us/products/collateral/interfaces-modules/transceiver-modules/data_sheet_c78-455693.html,
N9300,N9K-C9364D-GX2A, ,TMG,SFP10G,SFP-10G-AOC3M, , ,NX-OS,NX-OS 10.6(1), ,?,For QSFP or QSFP-DD ports, QSA28 (CVR-QSFP28-SFP25G) is required,10 Gbps,SFP+,3m,Preterminated cable,AOC,N/A,Cable,0 to 70C, ,SFP+ MSA SFF-8431, ,https://www.cisco.com/c/en/us/support/switches/nexus-9000-series-switches/series.html,https://www.cisco.com/c/en/us/products/collateral/interfaces-modules/transceiver-modules/data_sheet_c78-455693.html,
N9300,N9K-C9364D-GX2A, ,TMG,SFP10G,SFP-10G-AOC3M, , ,NX-OS,NX-OS 10.2(3) F, ,?,For QSFP-DD ports, QSA (CVR-QSFP-SFP10G) required,10 Gbps,SFP+,3m,Preterminated cable,AOC,N/A,Cable,0 to 70C, ,SFP+ MSA SFF-8431, ,https://www.cisco.com/c/en/us/support/switches/nexus-9000-series-switches/series.html,https://www.cisco.com/c/en/us/products/collateral/interfaces-modules/transceiver-modules/data_sheet_c78-455693.html,
N9300,N9K-C9364D-GX2A, ,TMG,SFP10G,SFP-10G-AOC5M, , ,ACI,ACI-N9KDK9-15.2(5), ,?,For QSFP-DD ports, QSA (CVR-QSFP-SFP10G) required,10 Gbps,SFP+,5m,Preterminated cable,AOC,N/A,Cable,0 to 70C, ,SFP+ MSA SFF-8431, ,https://www.cisco.com/c/en/us/support/switches/nexus-9000-series-switches/series.html,https://www.cisco.com/c/en/us/products/collateral/interfaces-modules/transceiver-modules/data_sheet_c78-455693.html,
N9300,N9K-C9364D-GX2A, ,TMG,SFP10G,SFP-10G-AOC5M, , ,NX-OS,NX-OS 10.6(1), ,?,For QSFP or QSFP-DD ports, QSA28 (CVR-QSFP28-SFP25G) is required,10 Gbps,SFP+,5m,Preterminated cable,AOC,N/A,Cable,0 to 70C, ,SFP+ MSA SFF-8431, ,https://www.cisco.com/c/en/us/support/switches/nexus-9000-series-switches/series.html,https://www.cisco.com/c/en/us/products/collateral/interfaces-modules/transceiver-modules/data_sheet_c78-455693.html,
N9300,N9K-C9364D-GX2A, ,TMG,SFP10G,SFP-10G-AOC5M, , ,NX-OS,NX-OS 10.2(3) F, ,?,For QSFP-DD ports, QSA (CVR-QSFP-SFP10G) required,10 Gbps,SFP+,5m,Preterminated cable,AOC,N/A,Cable,0 to 70C, ,SFP+ MSA SFF-8431, ,https://www.cisco.com/c/en/us/support/switches/nexus-9000-series-switches/series.html,https://www.cisco.com/c/en/us/products/collateral/interfaces-modules/transceiver-modules/data_sheet_c78-455693.html,
N9300,N9K-C9364D-GX2A, ,TMG,SFP10G,SFP-10G-AOC7M, , ,ACI,ACI-N9KDK9-15.2(5), ,?,For QSFP-DD ports, QSA (CVR-QSFP-SFP10G) required,10 Gbps,SFP+,7m,Preterminated cable,AOC,N/A,Cable,0 to 70C, ,SFP+ MSA SFF-8431, ,https://www.cisco.com/c/en/us/support/switches/nexus-9000-series-switches/series.html,https://www.cisco.com/c/en/us/products/collateral/interfaces-modules/transceiver-modules/data_sheet_c78-455693.html,
N9300,N9K-C9364D-GX2A, ,TMG,SFP10G,SFP-10G-AOC7M, , ,NX-OS,NX-OS 10.6(1), ,?,For QSFP or QSFP-DD ports, QSA28 (CVR-QSFP28-SFP25G) is required,10 Gbps,SFP+,7m,Preterminated cable,AOC,N/A,Cable,0 to 70C, ,SFP+ MSA SFF-8431, ,https://www.cisco.com/c/en/us/support/switches/nexus-9000-series-switches/series.html,https://www.cisco.com/c/en/us/products/collateral/interfaces-modules/transceiver-modules/data_sheet_c78-455693.html,
N9300,N9K-C9364D-GX2A, ,TMG,SFP10G,SFP-10G-AOC7M, , ,NX-OS,NX-OS 10.2(3) F, ,?,For QSFP-DD ports, QSA (CVR-QSFP-SFP10G) required,10 Gbps,SFP+,7m,Preterminated cable,AOC,N/A,Cable,0 to 70C, ,SFP+ MSA SFF-8431, ,https://www.cisco.com/c/en/us/support/switches/nexus-9000-series-switches/series.html,https://www.cisco.com/c/en/us/products/collateral/interfaces-modules/transceiver-modules/data_sheet_c78-455693.html,
N9300,N9K-C9364D-GX2A, ,TMG,SFP10G,SFP-10G-AOC10M, , ,ACI,ACI-N9KDK9-15.2(5), ,?,For QSFP-DD ports, QSA (CVR-QSFP-SFP10G) required,10 Gbps,SFP+,10m,Preterminated cable,AOC,N/A,Cable,0 to 70C, ,SFP+ MSA SFF-8431, ,https://www.cisco.com/c/en/us/support/switches/nexus-9000-series-switches/series.html,https://www.cisco.com/c/en/us/products/collateral/interfaces-modules/transceiver-modules/data_sheet_c78-455693.html,
N9300,N9K-C9364D-GX2A, ,TMG,SFP10G,SFP-10G-AOC10M, , ,NX-OS,NX-OS 10.6(1), ,?,For QSFP or QSFP-DD ports, QSA28 (CVR-QSFP28-SFP25G) is required,10 Gbps,SFP+,10m,Preterminated cable,AOC,N/A,Cable,0 to 70C, ,SFP+ MSA SFF-8431, ,https://www.cisco.com/c/en/us/support/switches/nexus-9000-series-switches/series.html,https://www.cisco.com/c/en/us/products/collateral/interfaces-modules/transceiver-modules/data_sheet_c78-455693.html,
N9300,N9K-C9364D-GX2A, ,TMG,SFP10G,SFP-10G-AOC10M, , ,NX-OS,NX-OS 10.2(3) F, ,?,For QSFP-DD ports, QSA (CVR-QSFP-SFP10G) required,10 Gbps,SFP+,10m,Preterminated cable,AOC,N/A,Cable,0 to 70C, ,SFP+ MSA SFF-8431, ,https://www.cisco.com/c/en/us/support/switches/nexus-9000-series-switches/series.html,https://www.cisco.com/c/en/us/products/collateral/interfaces-modules/transceiver-modules/data_sheet_c78-455693.html,
N9300,N9K-C9364D-GX2A, ,TMG,SFP10G,FET-10G, , ,ACI,ACI-N9KDK9-15.2(5), ,?,For QSFP-DD ports, QSA (CVR-QSFP-SFP10G) required,10 Gbps,SFP+,100m,Duplex Fiber,MMF,LC (UPC),Optic,0 to 70C, ,IEEE 802.3, ,https://www.cisco.com/c/en/us/support/switches/nexus-9000-series-switches/series.html,https://www.cisco.com/c/en/us/products/collateral/interfaces-modules/transceiver-modules/data_sheet_c78-455693.html,
N9300,N9K-C9364D-GX2A, ,TMG,WDM,CWDM-SFP10G-XXXX, ,Y,ACI,ACI-N9KDK9-15.2(5),ACI,ACI-N9KDK9-15.2(5),For QSFP-DD ports, QSA (CVR-QSFP-SFP10G) required,10 Gbps,SFP+,40km,Duplex Fiber,SMF,LC (UPC),Optic,0 to 70C,Y,IEEE 10GBASE-X, ,https://www.cisco.com/c/en/us/support/switches/nexus-9000-series-switches/series.html,https://www.cisco.com/c/en/us/products/collateral/interfaces-modules/transceiver-modules/datasheet-c78-734047.html,
N9300,N9K-C9364D-GX2A, ,TMG,SFPGE,GLC-TE, , ,NX-OS,NX-OS 10.3(3)F, ,?,Supported on SFP+ ports only,10/100/1000 Mbps,SFP,100m,Cat5e/6A,Copper,RJ-45,Copper,-5 to 85C, ,IEEE 1000BASE-T , ,https://www.cisco.com/c/en/us/support/switches/nexus-9000-series-switches/series.html,https://www.cisco.com/c/en/us/products/collateral/interfaces-modules/gigabit-ethernet-gbic-sfp-modules/product_data_sheet0900aecd8033f885.html,
N9300,N9K-C9364D-GX2A, ,TMG,QSFP40G,QSFP-40G-SR4, , ,ACI,ACI-N9KDK9-15.2(5),ACI,ACI-N9KDK9-15.2(5), ,40 Gbps,QSFP+,150m,Parallel Fiber,MMF,MPO-12 (UPC),Optic,0 to 70C,Y,IEEE 40GBASE-SR4,OM2: 30m; OM3: 100m; OM4/OM5: 150m. DOM support for V03 or later. ,https://www.cisco.com/c/en/us/support/switches/nexus-9000-series-switches/series.html,https://www.cisco.com/c/en/us/products/collateral/interfaces-modules/transceiver-modules/data_sheet_c78-660083.html,
N9300,N9K-C9364D-GX2A, ,TMG,QSFP40G,QSFP-40G-SR4, , ,NX-OS,NX-OS 10.2(3) F,NX-OS,NX-OS 10.2(3) F, ,40 Gbps,QSFP+,150m,Parallel Fiber,MMF,MPO-12 (UPC),Optic,0 to 70C,Y,IEEE 40GBASE-SR4,OM2: 30m; OM3: 100m; OM4/OM5: 150m. DOM support for V03 or later. ,https://www.cisco.com/c/en/us/support/switches/nexus-9000-series-switches/series.html,https://www.cisco.com/c/en/us/products/collateral/interfaces-modules/transceiver-modules/data_sheet_c78-660083.html,
N9300,N9K-C9364D-GX2A, ,TMG,QSFP40G,QSFP-40G-CSR4, , ,ACI,ACI-N9KDK9-15.2(5),ACI,ACI-N9KDK9-15.2(5), ,40 Gbps,QSFP+,400m,Parallel Fiber,MMF,MPO-12 (UPC),Optic,0 to 70C,Y,IEEE 40GBASE-SR4,OM2: 82m, OM3: 300m; OM4/OM5: 400m. DOM support for V02 or later. ,https://www.cisco.com/c/en/us/support/switches/nexus-9000-series-switches/series.html,https://www.cisco.com/c/en/us/products/collateral/interfaces-modules/transceiver-modules/data_sheet_c78-660083.html,
N9300,N9K-C9364D-GX2A, ,TMG,QSFP40G,QSFP-40G-CSR4, , ,NX-OS,NX-OS 10.2(3) F,NX-OS,NX-OS 10.2(3) F, ,40 Gbps,QSFP+,400m,Parallel Fiber,MMF,MPO-12 (UPC),Optic,0 to 70C,Y,IEEE 40GBASE-SR4,OM2: 82m, OM3: 300m; OM4/OM5: 400m. DOM support for V02 or later. ,https://www.cisco.com/c/en/us/support/switches/nexus-9000-series-switches/series.html,https://www.cisco.com/c/en/us/products/collateral/interfaces-modules/transceiver-modules/data_sheet_c78-660083.html,
N9300,N9K-C9364D-GX2A, ,TMG,QSFP40G,QSFP-40G-SR4-S, , ,ACI,ACI-N9KDK9-15.2(5),ACI,ACI-N9KDK9-15.2(5), ,40 Gbps,QSFP+,150m,Parallel Fiber,MMF,MPO-12 (UPC),Optic,0 to 70C,Y,IEEE 40GBASE-SR4,OM3: 100m; OM4/OM5: 150m. DOM support for V02 or later. ,https://www.cisco.com/c/en/us/support/switches/nexus-9000-series-switches/series.html,https://www.cisco.com/c/en/us/products/collateral/interfaces-modules/transceiver-modules/data_sheet_c78-660083.html,
N9300,N9K-C9364D-GX2A, ,TMG,QSFP40G,QSFP-40G-SR4-S, , ,NX-OS,NX-OS 10.2(3) F,NX-OS,NX-OS 10.2(3) F, ,40 Gbps,QSFP+,150m,Parallel Fiber,MMF,MPO-12 (UPC),Optic,0 to 70C,Y,IEEE 40GBASE-SR4,OM3: 100m; OM4/OM5: 150m. DOM support for V02 or later. ,https://www.cisco.com/c/en/us/support/switches/nexus-9000-series-switches/series.html,https://www.cisco.com/c/en/us/products/collateral/interfaces-modules/transceiver-modules/data_sheet_c78-660083.html,
N9300,N9K-C9364D-GX2A, ,TMG,QSFP40G,QSFP-40G-SR-BD, , ,ACI,ACI-N9KDK9-15.2(5), ,?, ,40 Gbps,QSFP+,150m,Duplex Fiber,MMF,LC (UPC),Optic,10 to 70C, ,IEEE 40GBASE-SR-BiDi,OM2: 30m; OM3: 100m; OM4/OM5: 150m. ,https://www.cisco.com/c/en/us/support/switches/nexus-9000-series-switches/series.html,https://www.cisco.com/c/en/us/products/collateral/interfaces-modules/transceiver-modules/data_sheet_c78-660083.html,
N9300,N9K-C9364D-GX2A, ,TMG,QSFP40G,QSFP-40G-SR-BD, , ,NX-OS,NX-OS 10.2(3) F, ,?, ,40 Gbps,QSFP+,150m,Duplex Fiber,MMF,LC (UPC),Optic,10 to 70C, ,IEEE 40GBASE-SR-BiDi,OM2: 30m; OM3: 100m; OM4/OM5: 150m. ,https://www.cisco.com/c/en/us/support/switches/nexus-9000-series-switches/series.html,https://www.cisco.com/c/en/us/products/collateral/interfaces-modules/transceiver-modules/data_sheet_c78-660083.html,
N9300,N9K-C9364D-GX2A, ,TMG,QSFP40G,QSFP-4X10G-LR-S, , ,NX-OS,NX-OS 10.2(3) F,NX-OS,NX-OS 10.2(3) F, ,40 Gbps,QSFP+,10km,Parallel Fiber,SMF,MPO-12 (APC),Optic,0 to 70C,Y,IEEE 10GBASE-LR, ,https://www.cisco.com/c/en/us/support/switches/nexus-9000-series-switches/series.html,https://www.cisco.com/c/en/us/products/collateral/interfaces-modules/transceiver-modules/data_sheet_c78-660083.html,
N9300,N9K-C9364D-GX2A, ,TMG,QSFP40G,QSFP-40G-LR4-S, , ,ACI,ACI-N9KDK9-15.2(5),ACI,ACI-N9KDK9-15.2(5), ,40 Gbps,QSFP+,10km,Duplex Fiber,SMF,LC (UPC),Optic,0 to 70C,Y,IEEE 40GBASE-LR4, ,https://www.cisco.com/c/en/us/support/switches/nexus-9000-series-switches/series.html,https://www.cisco.com/c/en/us/products/collateral/interfaces-modules/transceiver-modules/data_sheet_c78-660083.html,
N9300,N9K-C9364D-GX2A, ,TMG,QSFP40G,QSFP-40G-LR4-S, , ,NX-OS,NX-OS 10.2(3) F,NX-OS,NX-OS 10.2(3) F, ,40 Gbps,QSFP+,10km,Duplex Fiber,SMF,LC (UPC),Optic,0 to 70C,Y,IEEE 40GBASE-LR4, ,https://www.cisco.com/c/en/us/support/switches/nexus-9000-series-switches/series.html,https://www.cisco.com/c/en/us/products/collateral/interfaces-modules/transceiver-modules/data_sheet_c78-660083.html,
N9300,N9K-C9364D-GX2A, ,TMG,QSFP40G,QSFP-40GE-LR4, ,Y,ACI,ACI-N9KDK9-15.2(5), ,?, ,40 Gbps,QSFP+,10km,Duplex Fiber,SMF,LC (UPC),Optic,0 to 70C, ,IEEE 40GBASE-LR4, ,https://www.cisco.com/c/en/us/support/switches/nexus-9000-series-switches/series.html,https://www.cisco.com/c/en/us/products/collateral/interfaces-modules/transceiver-modules/data_sheet_c78-660083.html,
N9300,N9K-C9364D-GX2A, ,TMG,QSFP40G,QSFP-40G-LR4, , ,ACI,ACI-N9KDK9-15.2(5),ACI,ACI-N9KDK9-15.2(5), ,40 Gbps,QSFP+,10km,Duplex Fiber,SMF,LC (UPC),Optic,0 to 70C,Y,IEEE 40GBASE-LR4, ,https://www.cisco.com/c/en/us/support/switches/nexus-9000-series-switches/series.html,https://www.cisco.com/c/en/us/products/collateral/interfaces-modules/transceiver-modules/data_sheet_c78-660083.html,
N9300,N9K-C9364D-GX2A, ,TMG,QSFP40G,QSFP-40G-LR4, , ,NX-OS,NX-OS 10.2(3) F,NX-OS,NX-OS 10.2(3) F, ,40 Gbps,QSFP+,10km,Duplex Fiber,SMF,LC (UPC),Optic,0 to 70C,Y,IEEE 40GBASE-LR4, ,https://www.cisco.com/c/en/us/support/switches/nexus-9000-series-switches/series.html,https://www.cisco.com/c/en/us/products/collateral/interfaces-modules/transceiver-modules/data_sheet_c78-660083.html,
N9300,N9K-C9364D-GX2A, ,TMG,QSFP40G,QSFP-40G-ER4, , ,ACI,ACI-N9KDK9-15.2(5),ACI,ACI-N9KDK9-15.2(5), ,40 Gbps,QSFP+,40km,Duplex Fiber,SMF,LC (UPC),Optic,0 to 70C,Y,IEEE 40GBASE-ER4, ,https://www.cisco.com/c/en/us/support/switches/nexus-9000-series-switches/series.html,https://www.cisco.com/c/en/us/products/collateral/interfaces-modules/transceiver-modules/data_sheet_c78-660083.html,
N9300,N9K-C9364D-GX2A, ,TMG,QSFP40G,QSFP-40G-ER4, , ,NX-OS,NX-OS 10.2(3) F,NX-OS,NX-OS 10.2(3) F, ,40 Gbps,QSFP+,40km,Duplex Fiber,SMF,LC (UPC),Optic,0 to 70C,Y,IEEE 40GBASE-ER4, ,https://www.cisco.com/c/en/us/support/switches/nexus-9000-series-switches/series.html,https://www.cisco.com/c/en/us/products/collateral/interfaces-modules/transceiver-modules/data_sheet_c78-660083.html,
N9300,N9K-C9364D-GX2A, ,TMG,QSFP40G,WSP-Q40GLR4L, , ,ACI,ACI-N9KDK9-15.2(5),ACI,ACI-N9KDK9-15.2(5), ,40 Gbps,QSFP+,2km,Duplex Fiber,SMF,LC (UPC),Optic,10 to 60C,Y,IEEE 40GBASE-LR4-Lite, ,https://www.cisco.com/c/en/us/support/switches/nexus-9000-series-switches/series.html,https://www.cisco.com/c/en/us/products/collateral/interfaces-modules/transceiver-modules/data_sheet_c78-660083.html,
N9300,N9K-C9364D-GX2A, ,TMG,QSFP40G,WSP-Q40GLR4L, , ,NX-OS,NX-OS 10.2(3) F,NX-OS,NX-OS 10.2(3) F, ,40 Gbps,QSFP+,2km,Duplex Fiber,SMF,LC (UPC),Optic,10 to 60C,Y,IEEE 40GBASE-LR4-Lite, ,https://www.cisco.com/c/en/us/support/switches/nexus-9000-series-switches/series.html,https://www.cisco.com/c/en/us/products/collateral/interfaces-modules/transceiver-modules/data_sheet_c78-660083.html,
N9300,N9K-C9364D-GX2A, ,TMG,QSFP40G,QSFP-4SFP10G-CU5M, , ,ACI,ACI-N9KDK9-16.0(3), ,?, ,40 Gbps,QSFP+,5m,Preterminated breakout cable,DAC,N/A,Cable,0 to 70C, , , ,https://www.cisco.com/c/en/us/support/switches/nexus-9000-series-switches/series.html,https://www.cisco.com/c/en/us/products/collateral/interfaces-modules/transceiver-modules/data_sheet_c78-660083.html,
N9300,N9K-C9364D-GX2A, ,TMG,QSFP40G,QSFP-4SFP10G-CU5M, , ,NX-OS,NX-OS 10.2(3) F, ,?, ,40 Gbps,QSFP+,5m,Preterminated breakout cable,DAC,N/A,Cable,0 to 70C, , , ,https://www.cisco.com/c/en/us/support/switches/nexus-9000-series-switches/series.html,https://www.cisco.com/c/en/us/products/collateral/interfaces-modules/transceiver-modules/data_sheet_c78-660083.html,
N9300,N9K-C9364D-GX2A, ,TMG,QSFP40G,QSFP-4SFP10G-CU3M, , ,ACI,ACI-N9KDK9-16.0(3), ,?, ,40 Gbps,QSFP+,3m,Preterminated breakout cable,DAC,N/A,Cable,0 to 70C, , , ,https://www.cisco.com/c/en/us/support/switches/nexus-9000-series-switches/series.html,https://www.cisco.com/c/en/us/products/collateral/interfaces-modules/transceiver-modules/data_sheet_c78-660083.html,
N9300,N9K-C9364D-GX2A, ,TMG,QSFP40G,QSFP-4SFP10G-CU3M, , ,NX-OS,NX-OS 10.2(3) F, ,?, ,40 Gbps,QSFP+,3m,Preterminated breakout cable,DAC,N/A,Cable,0 to 70C, , , ,https://www.cisco.com/c/en/us/support/switches/nexus-9000-series-switches/series.html,https://www.cisco.com/c/en/us/products/collateral/interfaces-modules/transceiver-modules/data_sheet_c78-660083.html,
N9300,N9K-C9364D-GX2A, ,TMG,QSFP40G,QSFP-4SFP10G-CU1M, , ,ACI,ACI-N9KDK9-16.0(3), ,?, ,40 Gbps,QSFP+,1m,Preterminated breakout cable,DAC,N/A,Cable,0 to 70C, , , ,https://www.cisco.com/c/en/us/support/switches/nexus-9000-series-switches/series.html,https://www.cisco.com/c/en/us/products/collateral/interfaces-modules/transceiver-modules/data_sheet_c78-660083.html,
N9300,N9K-C9364D-GX2A, ,TMG,QSFP40G,QSFP-4SFP10G-CU1M, , ,NX-OS,NX-OS 10.2(3) F, ,?, ,40 Gbps,QSFP+,1m,Preterminated breakout cable,DAC,N/A,Cable,0 to 70C, , , ,https://www.cisco.com/c/en/us/support/switches/nexus-9000-series-switches/series.html,https://www.cisco.com/c/en/us/products/collateral/interfaces-modules/transceiver-modules/data_sheet_c78-660083.html,
N9300,N9K-C9364D-GX2A, ,TMG,QSFP40G,QSFP-H40G-CU5M, , ,ACI,ACI-N9KDK9-15.2(5), ,?, ,40 Gbps,QSFP+,5m,Preterminated cable,DAC,N/A,Cable,0 to 70C, , , ,https://www.cisco.com/c/en/us/support/switches/nexus-9000-series-switches/series.html,https://www.cisco.com/c/en/us/products/collateral/interfaces-modules/transceiver-modules/data_sheet_c78-660083.html,
N9300,N9K-C9364D-GX2A, ,TMG,QSFP40G,QSFP-H40G-CU5M, , ,NX-OS,NX-OS 10.2(3) F, ,?, ,40 Gbps,QSFP+,5m,Preterminated cable,DAC,N/A,Cable,0 to 70C, , , ,https://www.cisco.com/c/en/us/support/switches/nexus-9000-series-switches/series.html,https://www.cisco.com/c/en/us/products/collateral/interfaces-modules/transceiver-modules/data_sheet_c78-660083.html,
N9300,N9K-C9364D-GX2A, ,TMG,QSFP40G,QSFP-H40G-CU3M, , ,ACI,ACI-N9KDK9-15.2(5), ,?, ,40 Gbps,QSFP+,3m,Preterminated cable,DAC,N/A,Cable,0 to 70C, , , ,https://www.cisco.com/c/en/us/support/switches/nexus-9000-series-switches/series.html,https://www.cisco.com/c/en/us/products/collateral/interfaces-modules/transceiver-modules/data_sheet_c78-660083.html,
N9300,N9K-C9364D-GX2A, ,TMG,QSFP40G,QSFP-H40G-CU3M, , ,NX-OS,NX-OS 10.2(3) F, ,?, ,40 Gbps,QSFP+,3m,Preterminated cable,DAC,N/A,Cable,0 to 70C, , , ,https://www.cisco.com/c/en/us/support/switches/nexus-9000-series-switches/series.html,https://www.cisco.com/c/en/us/products/collateral/interfaces-modules/transceiver-modules/data_sheet_c78-660083.html,
N9300,N9K-C9364D-GX2A, ,TMG,QSFP40G,QSFP-H40G-CU1M, , ,ACI,ACI-N9KDK9-15.2(5), ,?, ,40 Gbps,QSFP+,1m,Preterminated cable,DAC,N/A,Cable,0 to 70C, , , ,https://www.cisco.com/c/en/us/support/switches/nexus-9000-series-switches/series.html,https://www.cisco.com/c/en/us/products/collateral/interfaces-modules/transceiver-modules/data_sheet_c78-660083.html,
N9300,N9K-C9364D-GX2A, ,TMG,QSFP40G,QSFP-H40G-CU1M, , ,NX-OS,NX-OS 10.2(3) F, ,?, ,40 Gbps,QSFP+,1m,Preterminated cable,DAC,N/A,Cable,0 to 70C, , , ,https://www.cisco.com/c/en/us/support/switches/nexus-9000-series-switches/series.html,https://www.cisco.com/c/en/us/products/collateral/interfaces-modules/transceiver-modules/data_sheet_c78-660083.html,
N9300,N9K-C9364D-GX2A, ,TMG,QSFP40G,QSFP-H40G-ACU7M, , ,ACI,ACI-N9KDK9-15.2(5), ,?, ,40 Gbps,QSFP+,7m,Preterminated cable,DAC,N/A,Cable,0 to 70C, , , ,https://www.cisco.com/c/en/us/support/switches/nexus-9000-series-switches/series.html,https://www.cisco.com/c/en/us/products/collateral/interfaces-modules/transceiver-modules/data_sheet_c78-660083.html,
N9300,N9K-C9364D-GX2A, ,TMG,QSFP40G,QSFP-H40G-ACU7M, , ,NX-OS,NX-OS 10.2(3) F, ,?, ,40 Gbps,QSFP+,7m,Preterminated cable,DAC,N/A,Cable,0 to 70C, , , ,https://www.cisco.com/c/en/us/support/switches/nexus-9000-series-switches/series.html,https://www.cisco.com/c/en/us/products/collateral/interfaces-modules/transceiver-modules/data_sheet_c78-660083.html,
N9300,N9K-C9364D-GX2A, ,TMG,QSFP40G,QSFP-H40G-ACU10M, , ,ACI,ACI-N9KDK9-15.2(5), ,?, ,40 Gbps,QSFP+,10m,Preterminated cable,DAC,N/A,Cable,0 to 70C, , , ,https://www.cisco.com/c/en/us/support/switches/nexus-9000-series-switches/series.html,https://www.cisco.com/c/en/us/products/collateral/interfaces-modules/transceiver-modules/data_sheet_c78-660083.html,
N9300,N9K-C9364D-GX2A, ,TMG,QSFP40G,QSFP-H40G-ACU10M, , ,NX-OS,NX-OS 10.2(3) F, ,?, ,40 Gbps,QSFP+,10m,Preterminated cable,DAC,N/A,Cable,0 to 70C, , , ,https://www.cisco.com/c/en/us/support/switches/nexus-9000-series-switches/series.html,https://www.cisco.com/c/en/us/products/collateral/interfaces-modules/transceiver-modules/data_sheet_c78-660083.html,
N9300,N9K-C9364D-GX2A, ,TMG,QSFP40G,QSFP-4X10G-AOC1M, , ,ACI,ACI-N9KDK9-16.0(3), ,?, ,40 Gbps,QSFP+,1m,Preterminated breakout cable,AOC,N/A,Cable,0 to 70C, , , ,https://www.cisco.com/c/en/us/support/switches/nexus-9000-series-switches/series.html,https://www.cisco.com/c/en/us/products/collateral/interfaces-modules/transceiver-modules/data_sheet_c78-660083.html,
N9300,N9K-C9364D-GX2A, ,TMG,QSFP40G,QSFP-4X10G-AOC1M, , ,NX-OS,NX-OS 10.2(3) F, ,?, ,40 Gbps,QSFP+,1m,Preterminated breakout cable,AOC,N/A,Cable,0 to 70C, , , ,https://www.cisco.com/c/en/us/support/switches/nexus-9000-series-switches/series.html,https://www.cisco.com/c/en/us/products/collateral/interfaces-modules/transceiver-modules/data_sheet_c78-660083.html,
N9300,N9K-C9364D-GX2A, ,TMG,QSFP40G,QSFP-4X10G-AOC3M, , ,ACI,ACI-N9KDK9-16.0(3), ,?, ,40 Gbps,QSFP+,3m,Preterminated breakout cable,AOC,N/A,Cable,0 to 70C, , , ,https://www.cisco.com/c/en/us/support/switches/nexus-9000-series-switches/series.html,https://www.cisco.com/c/en/us/products/collateral/interfaces-modules/transceiver-modules/data_sheet_c78-660083.html,
N9300,N9K-C9364D-GX2A, ,TMG,QSFP40G,QSFP-4X10G-AOC3M, , ,NX-OS,NX-OS 10.2(3) F, ,?, ,40 Gbps,QSFP+,3m,Preterminated breakout cable,AOC,N/A,Cable,0 to 70C, , , ,https://www.cisco.com/c/en/us/support/switches/nexus-9000-series-switches/series.html,https://www.cisco.com/c/en/us/products/collateral/interfaces-modules/transceiver-modules/data_sheet_c78-660083.html,
N9300,N9K-C9364D-GX2A, ,TMG,QSFP40G,QSFP-4X10G-AOC5M, , ,ACI,ACI-N9KDK9-16.0(3), ,?, ,40 Gbps,QSFP+,5m,Preterminated breakout cable,AOC,N/A,Cable,0 to 70C, , , ,https://www.cisco.com/c/en/us/support/switches/nexus-9000-series-switches/series.html,https://www.cisco.com/c/en/us/products/collateral/interfaces-modules/transceiver-modules/data_sheet_c78-660083.html,
N9300,N9K-C9364D-GX2A, ,TMG,QSFP40G,QSFP-4X10G-AOC5M, , ,NX-OS,NX-OS 10.2(3) F, ,?, ,40 Gbps,QSFP+,5m,Preterminated breakout cable,AOC,N/A,Cable,0 to 70C, , , ,https://www.cisco.com/c/en/us/support/switches/nexus-9000-series-switches/series.html,https://www.cisco.com/c/en/us/products/collateral/interfaces-modules/transceiver-modules/data_sheet_c78-660083.html,
N9300,N9K-C9364D-GX2A, ,TMG,QSFP40G,QSFP-4X10G-AOC7M, , ,ACI,ACI-N9KDK9-16.0(3), ,?, ,40 Gbps,QSFP+,7m,Preterminated breakout cable,AOC,N/A,Cable,0 to 70C, , , ,https://www.cisco.com/c/en/us/support/switches/nexus-9000-series-switches/series.html,https://www.cisco.com/c/en/us/products/collateral/interfaces-modules/transceiver-modules/data_sheet_c78-660083.html,
N9300,N9K-C9364D-GX2A, ,TMG,QSFP40G,QSFP-4X10G-AOC7M, , ,NX-OS,NX-OS 10.2(3) F, ,?, ,40 Gbps,QSFP+,7m,Preterminated breakout cable,AOC,N/A,Cable,0 to 70C, , , ,https://www.cisco.com/c/en/us/support/switches/nexus-9000-series-switches/series.html,https://www.cisco.com/c/en/us/products/collateral/interfaces-modules/transceiver-modules/data_sheet_c78-660083.html,
N9300,N9K-C9364D-GX2A, ,TMG,QSFP40G,QSFP-4X10G-AOC10M, , ,ACI,ACI-N9KDK9-16.0(3), ,?, ,40 Gbps,QSFP+,10m,Preterminated breakout cable,AOC,N/A,Cable,0 to 70C, , , ,https://www.cisco.com/c/en/us/support/switches/nexus-9000-series-switches/series.html,https://www.cisco.com/c/en/us/products/collateral/interfaces-modules/transceiver-modules/data_sheet_c78-660083.html,
N9300,N9K-C9364D-GX2A, ,TMG,QSFP40G,QSFP-H40G-AOC1M, , ,ACI,ACI-N9KDK9-15.2(5), ,?, ,40 Gbps,QSFP+,1m,Preterminated cable,AOC,N/A,Cable,0 to 70C, , , ,https://www.cisco.com/c/en/us/support/switches/nexus-9000-series-switches/series.html,https://www.cisco.com/c/en/us/products/collateral/interfaces-modules/transceiver-modules/data_sheet_c78-660083.html,
N9300,N9K-C9364D-GX2A, ,TMG,QSFP40G,QSFP-H40G-AOC1M, , ,NX-OS,NX-OS 10.2(3) F, ,?, ,40 Gbps,QSFP+,1m,Preterminated cable,AOC,N/A,Cable,0 to 70C, , , ,https://www.cisco.com/c/en/us/support/switches/nexus-9000-series-switches/series.html,https://www.cisco.com/c/en/us/products/collateral/interfaces-modules/transceiver-modules/data_sheet_c78-660083.html,
N9300,N9K-C9364D-GX2A, ,TMG,QSFP40G,QSFP-H40G-AOC2M, , ,ACI,ACI-N9KDK9-15.2(5), ,?, ,40 Gbps,QSFP+,2m,Preterminated cable,AOC,N/A,Cable,0 to 70C, , , ,https://www.cisco.com/c/en/us/support/switches/nexus-9000-series-switches/series.html,https://www.cisco.com/c/en/us/products/collateral/interfaces-modules/transceiver-modules/data_sheet_c78-660083.html,
N9300,N9K-C9364D-GX2A, ,TMG,QSFP40G,QSFP-H40G-AOC2M, , ,NX-OS,NX-OS 10.2(3) F, ,?, ,40 Gbps,QSFP+,2m,Preterminated cable,AOC,N/A,Cable,0 to 70C, , , ,https://www.cisco.com/c/en/us/support/switches/nexus-9000-series-switches/series.html,https://www.cisco.com/c/en/us/products/collateral/interfaces-modules/transceiver-modules/data_sheet_c78-660083.html,
N9300,N9K-C9364D-GX2A, ,TMG,QSFP40G,QSFP-H40G-AOC3M, , ,ACI,ACI-N9KDK9-15.2(5), ,?, ,40 Gbps,QSFP+,3m,Preterminated cable,AOC,N/A,Cable,0 to 70C, , , ,https://www.cisco.com/c/en/us/support/switches/nexus-9000-series-switches/series.html,https://www.cisco.com/c/en/us/products/collateral/interfaces-modules/transceiver-modules/data_sheet_c78-660083.html,
N9300,N9K-C9364D-GX2A, ,TMG,QSFP40G,QSFP-H40G-AOC3M, , ,NX-OS,NX-OS 10.2(3) F, ,?, ,40 Gbps,QSFP+,3m,Preterminated cable,AOC,N/A,Cable,0 to 70C, , , ,https://www.cisco.com/c/en/us/support/switches/nexus-9000-series-switches/series.html,https://www.cisco.com/c/en/us/products/collateral/interfaces-modules/transceiver-modules/data_sheet_c78-660083.html,
N9300,N9K-C9364D-GX2A, ,TMG,QSFP40G,QSFP-H40G-AOC5M, , ,ACI,ACI-N9KDK9-15.2(5), ,?, ,40 Gbps,QSFP+,5m,Preterminated cable,AOC,N/A,Cable,0 to 70C, , , ,https://www.cisco.com/c/en/us/support/switches/nexus-9000-series-switches/series.html,https://www.cisco.com/c/en/us/products/collateral/interfaces-modules/transceiver-modules/data_sheet_c78-660083.html,
N9300,N9K-C9364D-GX2A, ,TMG,QSFP40G,QSFP-H40G-AOC5M, , ,NX-OS,NX-OS 10.2(3) F, ,?, ,40 Gbps,QSFP+,5m,Preterminated cable,AOC,N/A,Cable,0 to 70C, , , ,https://www.cisco.com/c/en/us/support/switches/nexus-9000-series-switches/series.html,https://www.cisco.com/c/en/us/products/collateral/interfaces-modules/transceiver-modules/data_sheet_c78-660083.html,
N9300,N9K-C9364D-GX2A, ,TMG,QSFP40G,QSFP-H40G-AOC7M, , ,ACI,ACI-N9KDK9-15.2(5), ,?, ,40 Gbps,QSFP+,7m,Preterminated cable,AOC,N/A,Cable,0 to 70C, , , ,https://www.cisco.com/c/en/us/support/switches/nexus-9000-series-switches/series.html,https://www.cisco.com/c/en/us/products/collateral/interfaces-modules/transceiver-modules/data_sheet_c78-660083.html,
N9300,N9K-C9364D-GX2A, ,TMG,QSFP40G,QSFP-H40G-AOC7M, , ,NX-OS,NX-OS 10.2(3) F, ,?, ,40 Gbps,QSFP+,7m,Preterminated cable,AOC,N/A,Cable,0 to 70C, , , ,https://www.cisco.com/c/en/us/support/switches/nexus-9000-series-switches/series.html,https://www.cisco.com/c/en/us/products/collateral/interfaces-modules/transceiver-modules/data_sheet_c78-660083.html,
N9300,N9K-C9364D-GX2A, ,TMG,QSFP40G,QSFP-H40G-AOC10M, , ,ACI,ACI-N9KDK9-15.2(5), ,?, ,40 Gbps,QSFP+,10m,Preterminated cable,AOC,N/A,Cable,0 to 70C, , , ,https://www.cisco.com/c/en/us/support/switches/nexus-9000-series-switches/series.html,https://www.cisco.com/c/en/us/products/collateral/interfaces-modules/transceiver-modules/data_sheet_c78-660083.html,
N9300,N9K-C9364D-GX2A, ,TMG,QSFP40G,QSFP-H40G-AOC10M, , ,NX-OS,NX-OS 10.2(3) F, ,?, ,40 Gbps,QSFP+,10m,Preterminated cable,AOC,N/A,Cable,0 to 70C, , , ,https://www.cisco.com/c/en/us/support/switches/nexus-9000-series-switches/series.html,https://www.cisco.com/c/en/us/products/collateral/interfaces-modules/transceiver-modules/data_sheet_c78-660083.html,
N9300,N9K-C9364D-GX2A, ,TMG,QSFP40G,QSFP-H40G-AOC15M, , ,ACI,ACI-N9KDK9-15.2(5), ,?, ,40 Gbps,QSFP+,15m,Preterminated cable,AOC,N/A,Cable,0 to 70C, , , ,https://www.cisco.com/c/en/us/support/switches/nexus-9000-series-switches/series.html,https://www.cisco.com/c/en/us/products/collateral/interfaces-modules/transceiver-modules/data_sheet_c78-660083.html,
N9300,N9K-C9364D-GX2A, ,TMG,QSFP40G,QSFP-H40G-AOC15M, , ,NX-OS,NX-OS 10.2(3) F, ,?, ,40 Gbps,QSFP+,15m,Preterminated cable,AOC,N/A,Cable,0 to 70C, , , ,https://www.cisco.com/c/en/us/support/switches/nexus-9000-series-switches/series.html,https://www.cisco.com/c/en/us/products/collateral/interfaces-modules/transceiver-modules/data_sheet_c78-660083.html,
N9300,N9K-C9364D-GX2A, ,TMG,QSFP40G,QSFP-H40G-AOC20M, , ,ACI,ACI-N9KDK9-15.2(5), ,?, ,40 Gbps,QSFP+,20m,Preterminated cable,AOC,N/A,Cable,0 to 70C, , , ,https://www.cisco.com/c/en/us/support/switches/nexus-9000-series-switches/series.html,https://www.cisco.com/c/en/us/products/collateral/interfaces-modules/transceiver-modules/data_sheet_c78-660083.html,
N9300,N9K-C9364D-GX2A, ,TMG,QSFP40G,QSFP-H40G-AOC20M, , ,NX-OS,NX-OS 10.2(3) F, ,?, ,40 Gbps,QSFP+,20m,Preterminated cable,AOC,N/A,Cable,0 to 70C, , , ,https://www.cisco.com/c/en/us/support/switches/nexus-9000-series-switches/series.html,https://www.cisco.com/c/en/us/products/collateral/interfaces-modules/transceiver-modules/data_sheet_c78-660083.html,
N9300,N9K-C9364D-GX2A, ,TMG,QSFP40G,QSFP-H40G-AOC25M, , ,ACI,ACI-N9KDK9-15.2(5), ,?, ,40 Gbps,QSFP+,25m,Preterminated cable,AOC,N/A,Cable,0 to 70C, , , ,https://www.cisco.com/c/en/us/support/switches/nexus-9000-series-switches/series.html,https://www.cisco.com/c/en/us/products/collateral/interfaces-modules/transceiver-modules/data_sheet_c78-660083.html,
N9300,N9K-C9364D-GX2A, ,TMG,QSFP40G,QSFP-H40G-AOC25M, , ,NX-OS,NX-OS 10.2(3) F, ,?, ,40 Gbps,QSFP+,25m,Preterminated cable,AOC,N/A,Cable,0 to 70C, , , ,https://www.cisco.com/c/en/us/support/switches/nexus-9000-series-switches/series.html,https://www.cisco.com/c/en/us/products/collateral/interfaces-modules/transceiver-modules/data_sheet_c78-660083.html,
N9300,N9K-C9364D-GX2A, ,TMG,QSFP40G,QSFP-H40G-AOC30M, , ,ACI,ACI-N9KDK9-15.2(5), ,?, ,40 Gbps,QSFP+,30m,Preterminated cable,AOC,N/A,Cable,0 to 70C, , , ,https://www.cisco.com/c/en/us/support/switches/nexus-9000-series-switches/series.html,https://www.cisco.com/c/en/us/products/collateral/interfaces-modules/transceiver-modules/data_sheet_c78-660083.html,
N9300,N9K-C9364D-GX2A, ,TMG,QSFP40G,QSFP-H40G-AOC30M, , ,NX-OS,NX-OS 10.2(3) F, ,?, ,40 Gbps,QSFP+,30m,Preterminated cable,AOC,N/A,Cable,0 to 70C, , , ,https://www.cisco.com/c/en/us/support/switches/nexus-9000-series-switches/series.html,https://www.cisco.com/c/en/us/products/collateral/interfaces-modules/transceiver-modules/data_sheet_c78-660083.html,
N9300,N9K-C9364D-GX2A, ,TMG,SFP10G,SFP-H10GB-CU2M, , ,ACI,ACI-N9KDK9-15.2(5), ,?,For QSFP-DD ports, QSA (CVR-QSFP-SFP10G) required,10 Gbps,SFP+,2m,Preterminated cable,DAC,N/A,Cable,0 to 70C, ,SFP+ MSA SFF-8431, ,https://www.cisco.com/c/en/us/support/switches/nexus-9000-series-switches/series.html,https://www.cisco.com/c/en/us/products/collateral/interfaces-modules/transceiver-modules/data_sheet_c78-455693.html,
N9300,N9K-C9364D-GX2A, ,TMG,SFP10G,SFP-H10GB-CU2M, , ,NX-OS,NX-OS 10.2(3) F, ,?,For QSFP-DD ports, QSA (CVR-QSFP-SFP10G) required,10 Gbps,SFP+,2m,Preterminated cable,DAC,N/A,Cable,0 to 70C, ,SFP+ MSA SFF-8431, ,https://www.cisco.com/c/en/us/support/switches/nexus-9000-series-switches/series.html,https://www.cisco.com/c/en/us/products/collateral/interfaces-modules/transceiver-modules/data_sheet_c78-455693.html,
N9300,N9K-C9364D-GX2A, ,TMG,SFP25G,SFP-10/25G-CSR-S, , ,NX-OS,NX-OS 10.6(1),NX-OS,NX-OS 10.6(1),For QSFP or QSFP-DD ports, QSA28 (CVR-QSFP28-SFP25G) is required,10/25 Gbps,SFP28,400m,Duplex Fiber,MMF,LC (UPC),Optic,0 to 70C,Y, ,For 10Gb/s - 300m/400m (OM3/OM4); For 25Gb/s - No FEC: 30m/50m (OM3/OM4); FC-FEC: 70m/100m (OM3/OM4); RS-FEC: 300m/400m (OM3/OM4). ,https://www.cisco.com/c/en/us/support/switches/nexus-9000-series-switches/series.html,https://www.cisco.com/c/en/us/products/collateral/interfaces-modules/transceiver-modules/datasheet-c78-736950.html,
N9300,N9K-C9364D-GX2A, ,TMG,SFP25G,SFP-10/25G-LR-S, , ,NX-OS,NX-OS 10.6(1),NX-OS,NX-OS 10.6(1),For QSFP or QSFP-DD ports, QSA28 (CVR-QSFP28-SFP25G) is required,10/25 Gbps,SFP28,10km,Duplex Fiber,SMF,LC (UPC),Optic,0 to 70C,Y,IEEE 10GBASE-LR, 25GBASE-LR, ,https://www.cisco.com/c/en/us/support/switches/nexus-9000-series-switches/series.html,https://www.cisco.com/c/en/us/products/collateral/interfaces-modules/transceiver-modules/datasheet-c78-736950.html,
N9300,N9K-C9364D-GX2A, ,TMG,QSFP40G,QSFP-40G-CSR-S, , ,NX-OS,NX-OS 10.2(3) F,NX-OS,NX-OS 10.2(3) F, ,40 Gbps,QSFP+,440m,Duplex Fiber,MMF,LC (UPC),Optic,0 to 70C,Y, ,OM3: 300m; OM4: 400m; OM5: 440m. DOM support for V02 or later. ,https://www.cisco.com/c/en/us/support/switches/nexus-9000-series-switches/series.html,https://www.cisco.com/c/en/us/products/collateral/interfaces-modules/transceiver-modules/data_sheet_c78-660083.html,
N9300,N9K-C9364D-GX2A, ,TMG,QSFP40G,QSFP-40G-CSR-S, , ,ACI,ACI-N9KDK9-15.2(5),ACI,ACI-N9KDK9-15.2(5), ,40 Gbps,QSFP+,440m,Duplex Fiber,MMF,LC (UPC),Optic,0 to 70C,Y, ,OM3: 300m; OM4: 400m; OM5: 440m. DOM support for V02 or later. ,https://www.cisco.com/c/en/us/support/switches/nexus-9000-series-switches/series.html,https://www.cisco.com/c/en/us/products/collateral/interfaces-modules/transceiver-modules/data_sheet_c78-660083.html,
N9300,N9K-C9364D-GX2A, ,TMG,QDD400G,QDD-400-CU1M, , ,ACI,ACI-N9KDK9-15.2(5), ,?, ,400 Gbps,QSFP-DD,1m,Preterminated cable,DAC,N/A,Cable,0 to 70C, , , ,https://www.cisco.com/c/en/us/support/switches/nexus-9000-series-switches/series.html,https://www.cisco.com/c/en/us/products/collateral/interfaces-modules/transceiver-modules/datasheet-c78-743172.html,
N9300,N9K-C9364D-GX2A, ,TMG,QDD400G,QDD-400-CU1M, , ,NX-OS,NX-OS 10.2(3) F, ,?, ,400 Gbps,QSFP-DD,1m,Preterminated cable,DAC,N/A,Cable,0 to 70C, , , ,https://www.cisco.com/c/en/us/support/switches/nexus-9000-series-switches/series.html,https://www.cisco.com/c/en/us/products/collateral/interfaces-modules/transceiver-modules/datasheet-c78-743172.html,
N9300,N9K-C9364D-GX2A, ,TMG,QDD400G,QDD-400-CU2M, , ,ACI,ACI-N9KDK9-15.2(5), ,?, ,400 Gbps,QSFP-DD,2m,Preterminated cable,DAC,N/A,Cable,0 to 70C, , , ,https://www.cisco.com/c/en/us/support/switches/nexus-9000-series-switches/series.html,https://www.cisco.com/c/en/us/products/collateral/interfaces-modules/transceiver-modules/datasheet-c78-743172.html,
N9300,N9K-C9364D-GX2A, ,TMG,QDD400G,QDD-400-CU2M, , ,NX-OS,NX-OS 10.2(3) F, ,?, ,400 Gbps,QSFP-DD,2m,Preterminated cable,DAC,N/A,Cable,0 to 70C, , , ,https://www.cisco.com/c/en/us/support/switches/nexus-9000-series-switches/series.html,https://www.cisco.com/c/en/us/products/collateral/interfaces-modules/transceiver-modules/datasheet-c78-743172.html,
N9300,N9K-C9364D-GX2A, ,TMG,QDD400G,QDD-400-CU2.5M, , ,ACI,ACI-N9KDK9-15.2(5), ,?, ,400 Gbps,QSFP-DD,2.5m,Preterminated cable,DAC,N/A,Cable,0 to 70C, , , ,https://www.cisco.com/c/en/us/support/switches/nexus-9000-series-switches/series.html,https://www.cisco.com/c/en/us/products/collateral/interfaces-modules/transceiver-modules/datasheet-c78-743172.html,
N9300,N9K-C9364D-GX2A, ,TMG,QDD400G,QDD-400-CU2.5M, , ,NX-OS,NX-OS 10.2(3) F, ,?, ,400 Gbps,QSFP-DD,2.5m,Preterminated cable,DAC,N/A,Cable,0 to 70C, , , ,https://www.cisco.com/c/en/us/support/switches/nexus-9000-series-switches/series.html,https://www.cisco.com/c/en/us/products/collateral/interfaces-modules/transceiver-modules/datasheet-c78-743172.html,
N9300,N9K-C9364D-GX2A, ,TMG,QDD400G,QDD-400-CU3M, , ,ACI,ACI-N9KDK9-15.2(5), ,?, ,400 Gbps,QSFP-DD,3m,Preterminated cable,DAC,N/A,Cable,0 to 70C, , , ,https://www.cisco.com/c/en/us/support/switches/nexus-9000-series-switches/series.html,https://www.cisco.com/c/en/us/products/collateral/interfaces-modules/transceiver-modules/datasheet-c78-743172.html,
N9300,N9K-C9364D-GX2A, ,TMG,QDD400G,QDD-400-CU3M, , ,NX-OS,NX-OS 10.2(3) F, ,?, ,400 Gbps,QSFP-DD,3m,Preterminated cable,DAC,N/A,Cable,0 to 70C, , , ,https://www.cisco.com/c/en/us/support/switches/nexus-9000-series-switches/series.html,https://www.cisco.com/c/en/us/products/collateral/interfaces-modules/transceiver-modules/datasheet-c78-743172.html,
N9300,N9K-C9364D-GX2A, ,TMG,QDD400G,QDD-400G-DR4-S, , ,ACI,ACI-N9KDK9-15.2(5),ACI,ACI-N9KDK9-15.2(5), ,400 Gbps,QSFP-DD,500m,Parallel Fiber,SMF,MPO-12 (APC),Optic,0 to 75C,Y,IEEE 400GBASE-DR4, ,https://www.cisco.com/c/en/us/support/switches/nexus-9000-series-switches/series.html,https://www.cisco.com/c/en/us/products/collateral/interfaces-modules/transceiver-modules/datasheet-c78-743172.html,
N9300,N9K-C9364D-GX2A, ,TMG,QDD400G,QDD-400G-DR4-S, , ,NX-OS,NX-OS 10.2(3) F,NX-OS,NX-OS 10.2(3) F, ,400 Gbps,QSFP-DD,500m,Parallel Fiber,SMF,MPO-12 (APC),Optic,0 to 75C,Y,IEEE 400GBASE-DR4, ,https://www.cisco.com/c/en/us/support/switches/nexus-9000-series-switches/series.html,https://www.cisco.com/c/en/us/products/collateral/interfaces-modules/transceiver-modules/datasheet-c78-743172.html,
N9300,N9K-C9364D-GX2A, ,TMG,QDD400G,QDD-400G-FR4-S, , ,ACI,ACI-N9KDK9-15.2(5),ACI,ACI-N9KDK9-15.2(5), ,400 Gbps,QSFP-DD,2km,Duplex Fiber,SMF,LC (UPC),Optic,0 to 75C,Y,IEEE 400GBASE-FR4, ,https://www.cisco.com/c/en/us/support/switches/nexus-9000-series-switches/series.html,https://www.cisco.com/c/en/us/products/collateral/interfaces-modules/transceiver-modules/datasheet-c78-743172.html,
N9300,N9K-C9364D-GX2A, ,TMG,QDD400G,QDD-400G-FR4-S, , ,NX-OS,NX-OS 10.2(3) F,NX-OS,NX-OS 10.2(3) F, ,400 Gbps,QSFP-DD,2km,Duplex Fiber,SMF,LC (UPC),Optic,0 to 75C,Y,IEEE 400GBASE-FR4, ,https://www.cisco.com/c/en/us/support/switches/nexus-9000-series-switches/series.html,https://www.cisco.com/c/en/us/products/collateral/interfaces-modules/transceiver-modules/datasheet-c78-743172.html,
N9300,N9K-C9364D-GX2A, ,TMG,QDD400G,QDD-400G-LR8-S, ,Y,NX-OS,NX-OS 10.2(3) F,NX-OS,NX-OS 10.2(3) F, ,400 Gbps,QSFP-DD,10km,Duplex Fiber,SMF,LC (UPC),Optic,0 to 75C,Y,IEEE 400GBASE-LR8, ,https://www.cisco.com/c/en/us/support/switches/nexus-9000-series-switches/series.html,https://www.cisco.com/c/en/us/products/collateral/interfaces-modules/transceiver-modules/datasheet-c78-743172.html,
N9300,N9K-C9364D-GX2A, ,TMG,QDD400G,QDD-400G-LR8-S, ,Y,ACI,ACI-N9KDK9-16.0(1g),ACI,ACI-N9KDK9-16.0(1g), ,400 Gbps,QSFP-DD,10km,Duplex Fiber,SMF,LC (UPC),Optic,0 to 75C,Y,IEEE 400GBASE-LR8, ,https://www.cisco.com/c/en/us/support/switches/nexus-9000-series-switches/series.html,https://www.cisco.com/c/en/us/products/collateral/interfaces-modules/transceiver-modules/datasheet-c78-743172.html,
N9300,N9K-C9364D-GX2A, ,TMG,QSFP100,QSFP-100G-DR-S, , ,NX-OS,NX-OS 10.2(3) F,NX-OS,NX-OS 10.2(3) F, ,100 Gbps,QSFP28,500m,Duplex Fiber,SMF,LC (UPC),Optic,0 to 70C,Y, , ,https://www.cisco.com/c/en/us/support/switches/nexus-9000-series-switches/series.html,https://www.cisco.com/c/en/us/products/collateral/interfaces-modules/transceiver-modules/datasheet-c78-736282.html,
N9300,N9K-C9364D-GX2A, ,TMG,QSFP100,QSFP-100G-DR-S, , ,ACI,ACI-N9KDK9-15.2(5),ACI,ACI-N9KDK9-15.2(5), ,100 Gbps,QSFP28,500m,Duplex Fiber,SMF,LC (UPC),Optic,0 to 70C,Y, , ,https://www.cisco.com/c/en/us/support/switches/nexus-9000-series-switches/series.html,https://www.cisco.com/c/en/us/products/collateral/interfaces-modules/transceiver-modules/datasheet-c78-736282.html,
N9300,N9K-C9364D-GX2A, ,TMG,QDD400G,QDD-400-AOC1M, , ,NX-OS,NX-OS 10.3(2), ,?, ,400 Gbps,QSFP-DD,1m,Preterminated cable,AOC,N/A,Cable,0 to 70C, , , ,https://www.cisco.com/c/en/us/support/switches/nexus-9000-series-switches/series.html,https://www.cisco.com/c/en/us/products/collateral/interfaces-modules/transceiver-modules/datasheet-c78-743172.html,
N9300,N9K-C9364D-GX2A, ,TMG,QDD400G,QDD-400-AOC1M, , ,ACI,ACI-N9KDK9-15.2(5), ,?, ,400 Gbps,QSFP-DD,1m,Preterminated cable,AOC,N/A,Cable,0 to 70C, , , ,https://www.cisco.com/c/en/us/support/switches/nexus-9000-series-switches/series.html,https://www.cisco.com/c/en/us/products/collateral/interfaces-modules/transceiver-modules/datasheet-c78-743172.html,
N9300,N9K-C9364D-GX2A, ,TMG,QDD400G,QDD-400-AOC2M, , ,NX-OS,NX-OS 10.3(2), ,?, ,400 Gbps,QSFP-DD,2m,Preterminated cable,AOC,N/A,Cable,0 to 70C, , , ,https://www.cisco.com/c/en/us/support/switches/nexus-9000-series-switches/series.html,https://www.cisco.com/c/en/us/products/collateral/interfaces-modules/transceiver-modules/datasheet-c78-743172.html,
N9300,N9K-C9364D-GX2A, ,TMG,QDD400G,QDD-400-AOC2M, , ,ACI,ACI-N9KDK9-15.2(5), ,?, ,400 Gbps,QSFP-DD,2m,Preterminated cable,AOC,N/A,Cable,0 to 70C, , , ,https://www.cisco.com/c/en/us/support/switches/nexus-9000-series-switches/series.html,https://www.cisco.com/c/en/us/products/collateral/interfaces-modules/transceiver-modules/datasheet-c78-743172.html,
N9300,N9K-C9364D-GX2A, ,TMG,QDD400G,QDD-400-AOC3M, , ,NX-OS,NX-OS 10.3(2), ,?, ,400 Gbps,QSFP-DD,3m,Preterminated cable,AOC,N/A,Cable,0 to 70C, , , ,https://www.cisco.com/c/en/us/support/switches/nexus-9000-series-switches/series.html,https://www.cisco.com/c/en/us/products/collateral/interfaces-modules/transceiver-modules/datasheet-c78-743172.html,
N9300,N9K-C9364D-GX2A, ,TMG,QDD400G,QDD-400-AOC3M, , ,ACI,ACI-N9KDK9-15.2(5), ,?, ,400 Gbps,QSFP-DD,3m,Preterminated cable,AOC,N/A,Cable,0 to 70C, , , ,https://www.cisco.com/c/en/us/support/switches/nexus-9000-series-switches/series.html,https://www.cisco.com/c/en/us/products/collateral/interfaces-modules/transceiver-modules/datasheet-c78-743172.html,
N9300,N9K-C9364D-GX2A, ,TMG,QDD400G,QDD-400-AOC5M, , ,NX-OS,NX-OS 10.3(2), ,?, ,400 Gbps,QSFP-DD,5m,Preterminated cable,AOC,N/A,Cable,0 to 70C, , , ,https://www.cisco.com/c/en/us/support/switches/nexus-9000-series-switches/series.html,https://www.cisco.com/c/en/us/products/collateral/interfaces-modules/transceiver-modules/datasheet-c78-743172.html,
N9300,N9K-C9364D-GX2A, ,TMG,QDD400G,QDD-400-AOC5M, , ,ACI,ACI-N9KDK9-15.2(5), ,?, ,400 Gbps,QSFP-DD,5m,Preterminated cable,AOC,N/A,Cable,0 to 70C, , , ,https://www.cisco.com/c/en/us/support/switches/nexus-9000-series-switches/series.html,https://www.cisco.com/c/en/us/products/collateral/interfaces-modules/transceiver-modules/datasheet-c78-743172.html,
N9300,N9K-C9364D-GX2A, ,TMG,QDD400G,QDD-400-AOC7M, , ,NX-OS,NX-OS 10.3(2), ,?, ,400 Gbps,QSFP-DD,7m,Preterminated cable,AOC,N/A,Cable,0 to 70C, , , ,https://www.cisco.com/c/en/us/support/switches/nexus-9000-series-switches/series.html,https://www.cisco.com/c/en/us/products/collateral/interfaces-modules/transceiver-modules/datasheet-c78-743172.html,
N9300,N9K-C9364D-GX2A, ,TMG,QDD400G,QDD-400-AOC7M, , ,ACI,ACI-N9KDK9-15.2(5), ,?, ,400 Gbps,QSFP-DD,7m,Preterminated cable,AOC,N/A,Cable,0 to 70C, , , ,https://www.cisco.com/c/en/us/support/switches/nexus-9000-series-switches/series.html,https://www.cisco.com/c/en/us/products/collateral/interfaces-modules/transceiver-modules/datasheet-c78-743172.html,
N9300,N9K-C9364D-GX2A, ,TMG,QDD400G,QDD-400-AOC10M, , ,NX-OS,NX-OS 10.3(2), ,?, ,400 Gbps,QSFP-DD,10m,Preterminated cable,AOC,N/A,Cable,0 to 70C, , , ,https://www.cisco.com/c/en/us/support/switches/nexus-9000-series-switches/series.html,https://www.cisco.com/c/en/us/products/collateral/interfaces-modules/transceiver-modules/datasheet-c78-743172.html,
N9300,N9K-C9364D-GX2A, ,TMG,QDD400G,QDD-400-AOC10M, , ,ACI,ACI-N9KDK9-15.2(5), ,?, ,400 Gbps,QSFP-DD,10m,Preterminated cable,AOC,N/A,Cable,0 to 70C, , , ,https://www.cisco.com/c/en/us/support/switches/nexus-9000-series-switches/series.html,https://www.cisco.com/c/en/us/products/collateral/interfaces-modules/transceiver-modules/datasheet-c78-743172.html,
N9300,N9K-C9364D-GX2A, ,TMG,QDD400G,QDD-400-AOC15M, , ,NX-OS,NX-OS 10.3(2), ,?, ,400 Gbps,QSFP-DD,15m,Preterminated cable,AOC,N/A,Cable,0 to 70C, , , ,https://www.cisco.com/c/en/us/support/switches/nexus-9000-series-switches/series.html,https://www.cisco.com/c/en/us/products/collateral/interfaces-modules/transceiver-modules/datasheet-c78-743172.html,
N9300,N9K-C9364D-GX2A, ,TMG,QDD400G,QDD-400-AOC15M, , ,ACI,ACI-N9KDK9-15.2(5), ,?, ,400 Gbps,QSFP-DD,15m,Preterminated cable,AOC,N/A,Cable,0 to 70C, , , ,https://www.cisco.com/c/en/us/support/switches/nexus-9000-series-switches/series.html,https://www.cisco.com/c/en/us/products/collateral/interfaces-modules/transceiver-modules/datasheet-c78-743172.html,
N9300,N9K-C9364D-GX2A, ,TMG,QDD400G,QDD-400-AOC20M, , ,NX-OS,NX-OS 10.3(2), ,?, ,400 Gbps,QSFP-DD,20m,Preterminated cable,AOC,N/A,Cable,0 to 70C, , , ,https://www.cisco.com/c/en/us/support/switches/nexus-9000-series-switches/series.html,https://www.cisco.com/c/en/us/products/collateral/interfaces-modules/transceiver-modules/datasheet-c78-743172.html,
N9300,N9K-C9364D-GX2A, ,TMG,QDD400G,QDD-400-AOC20M, , ,ACI,ACI-N9KDK9-15.2(5), ,?, ,400 Gbps,QSFP-DD,20m,Preterminated cable,AOC,N/A,Cable,0 to 70C, , , ,https://www.cisco.com/c/en/us/support/switches/nexus-9000-series-switches/series.html,https://www.cisco.com/c/en/us/products/collateral/interfaces-modules/transceiver-modules/datasheet-c78-743172.html,
N9300,N9K-C9364D-GX2A, ,TMG,QDD400G,QDD-400-AOC25M, , ,NX-OS,NX-OS 10.3(2), ,?, ,400 Gbps,QSFP-DD,25m,Preterminated cable,AOC,N/A,Cable,0 to 70C, , , ,https://www.cisco.com/c/en/us/support/switches/nexus-9000-series-switches/series.html,https://www.cisco.com/c/en/us/products/collateral/interfaces-modules/transceiver-modules/datasheet-c78-743172.html,
N9300,N9K-C9364D-GX2A, ,TMG,QDD400G,QDD-400-AOC25M, , ,ACI,ACI-N9KDK9-15.2(5), ,?, ,400 Gbps,QSFP-DD,25m,Preterminated cable,AOC,N/A,Cable,0 to 70C, , , ,https://www.cisco.com/c/en/us/support/switches/nexus-9000-series-switches/series.html,https://www.cisco.com/c/en/us/products/collateral/interfaces-modules/transceiver-modules/datasheet-c78-743172.html,
N9300,N9K-C9364D-GX2A, ,TMG,QDD400G,QDD-400-AOC30M, , ,NX-OS,NX-OS 10.3(2), ,?, ,400 Gbps,QSFP-DD,30m,Preterminated cable,AOC,N/A,Cable,0 to 70C, , , ,https://www.cisco.com/c/en/us/support/switches/nexus-9000-series-switches/series.html,https://www.cisco.com/c/en/us/products/collateral/interfaces-modules/transceiver-modules/datasheet-c78-743172.html,
N9300,N9K-C9364D-GX2A, ,TMG,QDD400G,QDD-400-AOC30M, , ,ACI,ACI-N9KDK9-15.2(5), ,?, ,400 Gbps,QSFP-DD,30m,Preterminated cable,AOC,N/A,Cable,0 to 70C, , , ,https://www.cisco.com/c/en/us/support/switches/nexus-9000-series-switches/series.html,https://www.cisco.com/c/en/us/products/collateral/interfaces-modules/transceiver-modules/datasheet-c78-743172.html,
N9300,N9K-C9364D-GX2A, ,TMG,QSFP100,QSFP-100G-LR-S, , ,NX-OS,NX-OS 10.2(3),NX-OS,NX-OS 10.2(3), ,100 Gbps,QSFP28,10km,Duplex Fiber,SMF,LC (UPC),Optic,0 to 70C,Y,IEEE 100GBASE-LR, ,https://www.cisco.com/c/en/us/support/switches/nexus-9000-series-switches/series.html,https://www.cisco.com/c/en/us/products/collateral/interfaces-modules/transceiver-modules/datasheet-c78-736282.html,
N9300,N9K-C9364D-GX2A, ,TMG,QSFP100,QSFP-100G-LR-S, , ,ACI,ACI-N9KDK9-15.2(5),ACI,ACI-N9KDK9-15.2(5), ,100 Gbps,QSFP28,10km,Duplex Fiber,SMF,LC (UPC),Optic,0 to 70C,Y,IEEE 100GBASE-LR, ,https://www.cisco.com/c/en/us/support/switches/nexus-9000-series-switches/series.html,https://www.cisco.com/c/en/us/products/collateral/interfaces-modules/transceiver-modules/datasheet-c78-736282.html,
N9300,N9K-C9364D-GX2A, ,TMG,QDD400G,QDD-2X100-SR4-S, ,Y,NX-OS,NX-OS 10.3(2), ,?, ,200 Gbps,QSFP-DD,100m,Parallel Fiber,MMF,MPO-24 (UPC),Optic,0 to 70C,Y,IEEE 100GBASE-SR4,OM3: 70m; OM4/OM5: 100m. ,https://www.cisco.com/c/en/us/support/switches/nexus-9000-series-switches/series.html,https://www.cisco.com/c/en/us/products/collateral/interfaces-modules/transceiver-modules/datasheet-c78-743172.html,
N9300,N9K-C9364D-GX2A, ,TMG,QDD400G,QDD-2X100-CWDM4-S, ,Y,NX-OS,NX-OS 10.2(2),NX-OS,NX-OS 10.2(2), ,200 Gbps,QSFP-DD,2km,Duplex Fiber,SMF,Dual Duplex CS (UPC),Optic,0 to 70C,Y,IEEE 100G-CWDM4, ,https://www.cisco.com/c/en/us/support/switches/nexus-9000-series-switches/series.html,https://www.cisco.com/c/en/us/products/collateral/interfaces-modules/transceiver-modules/datasheet-c78-743172.html,
N9300,N9K-C9364D-GX2A, ,TMG,Q400COH,QDD-400G-ZR-S, , ,NX-OS,NX-OS 10.4(1),NX-OS,NX-OS 10.4(1), ,400 Gbps,QSFP-DD,40km,Duplex Fiber,SMF,LC (UPC),Optic,15 to 70C,Y,OIF ZR,40km dark fiber / up to 135km amplified WDM system.  Please see datasheet for configurations on various reaches.. ,https://www.cisco.com/c/en/us/support/switches/nexus-9000-series-switches/series.html,https://www.cisco.com/c/en/us/products/collateral/interfaces-modules/transceiver-modules/datasheet-c78-744377.html,
N9300,N9K-C9364D-GX2A, ,TMG,Q400COH,QDD-400G-ZR-S, , ,ACI,ACI-N9KDK9-15.2(6),ACI,ACI-N9KDK9-15.2(6), ,400 Gbps,QSFP-DD,40km,Duplex Fiber,SMF,LC (UPC),Optic,15 to 70C,Y,OIF ZR,40km dark fiber / up to 135km amplified WDM system.  Please see datasheet for configurations on various reaches.. ,https://www.cisco.com/c/en/us/support/switches/nexus-9000-series-switches/series.html,https://www.cisco.com/c/en/us/products/collateral/interfaces-modules/transceiver-modules/datasheet-c78-744377.html,
N9300,N9K-C9364D-GX2A, ,TMG,Q400COH,QDD-400G-ZRP-S, , ,NX-OS,NX-OS 10.4(1),NX-OS,NX-OS 10.4(1), ,400 Gbps,QSFP-DD,40km,Duplex Fiber,SMF,LC (UPC),Optic,15 to 70C,Y,OIF ZR,40km dark fiber / up to 1400km amplified WDM system.  Please see datasheet for configurations on various reaches.. ,https://www.cisco.com/c/en/us/support/switches/nexus-9000-series-switches/series.html,https://www.cisco.com/c/en/us/products/collateral/interfaces-modules/transceiver-modules/datasheet-c78-744377.html,
N9300,N9K-C9364D-GX2A, ,TMG,Q400COH,QDD-400G-ZRP-S, , ,ACI,ACI-N9KDK9-15.2(6),ACI,ACI-N9KDK9-15.2(6), ,400 Gbps,QSFP-DD,40km,Duplex Fiber,SMF,LC (UPC),Optic,15 to 70C,Y,OIF ZR,40km dark fiber / up to 1400km amplified WDM system.  Please see datasheet for configurations on various reaches.. ,https://www.cisco.com/c/en/us/support/switches/nexus-9000-series-switches/series.html,https://www.cisco.com/c/en/us/products/collateral/interfaces-modules/transceiver-modules/datasheet-c78-744377.html,
N9300,N9K-C9364D-GX2A, ,TMG,QDD400G,QDD-2X100-LR4-S, , ,NX-OS,NX-OS 10.4(3)F,NX-OS,NX-OS 10.4(3)F, ,200 Gbps,QSFP-DD,10km,Duplex Fiber,SMF,Dual Duplex CS (UPC),Optic,0 to 70C,Y,IEEE 100GBASE-LR4, ,https://www.cisco.com/c/en/us/support/switches/nexus-9000-series-switches/series.html,https://www.cisco.com/c/en/us/products/collateral/interfaces-modules/transceiver-modules/datasheet-c78-743172.html,
N9300,N9K-C9364D-GX2A, ,TMG,QSFP100,QSFP-100G-ERL-S, , ,NX-OS,NX-OS 10.3(2),NX-OS,NX-OS 10.3(2), ,100 Gbps,QSFP28,25km,Duplex Fiber,SMF,LC (UPC),Optic,0 to 70C,Y,100G LR1-20,20 km reach (25km with engineered link, with total loss upto 10.3 dB). ,https://www.cisco.com/c/en/us/support/switches/nexus-9000-series-switches/series.html,https://www.cisco.com/c/en/us/products/collateral/interfaces-modules/transceiver-modules/datasheet-c78-736282.html,
N9300,N9K-C9364D-GX2A, ,TMG,QSFP100,QSFP-100G-ERL-S, , ,ACI,ACI-N9KDK9-16.1(1)F,ACI,ACI-N9KDK9-16.1(1)F, ,100 Gbps,QSFP28,25km,Duplex Fiber,SMF,LC (UPC),Optic,0 to 70C,Y,100G LR1-20,20 km reach (25km with engineered link, with total loss upto 10.3 dB). ,https://www.cisco.com/c/en/us/support/switches/nexus-9000-series-switches/series.html,https://www.cisco.com/c/en/us/products/collateral/interfaces-modules/transceiver-modules/datasheet-c78-736282.html,
N9300,N9K-C9364D-GX2A, ,TMG,QDD400G,QDD-4X100G-FR-S, , ,ACI,ACI-N9KDK9-15.2(5),ACI,ACI-N9KDK9-15.2(5), ,400 Gbps,QSFP-DD,2km,Parallel Fiber,SMF,MPO-12 (APC),Optic,0 to 75C,Y, , ,https://www.cisco.com/c/en/us/support/switches/nexus-9000-series-switches/series.html,https://www.cisco.com/c/en/us/products/collateral/interfaces-modules/transceiver-modules/datasheet-c78-743172.html,
N9300,N9K-C9364D-GX2A, ,TMG,QDD400G,QDD-4X100G-FR-S, , ,NX-OS,NX-OS 10.3(1),NX-OS,NX-OS 10.3(1), ,400 Gbps,QSFP-DD,2km,Parallel Fiber,SMF,MPO-12 (APC),Optic,0 to 75C,Y, , ,https://www.cisco.com/c/en/us/support/switches/nexus-9000-series-switches/series.html,https://www.cisco.com/c/en/us/products/collateral/interfaces-modules/transceiver-modules/datasheet-c78-743172.html,
N9300,N9K-C9364D-GX2A, ,TMG,QDD400G,QDD-4X100G-LR-S, , ,NX-OS,NX-OS 10.3(2), ,?, ,400 Gbps,QSFP-DD,10km,Parallel Fiber,SMF,MPO-12 (APC),Optic,0 to 75C,Y, , ,https://www.cisco.com/c/en/us/support/switches/nexus-9000-series-switches/series.html,https://www.cisco.com/c/en/us/products/collateral/interfaces-modules/transceiver-modules/datasheet-c78-743172.html,
N9300,N9K-C9364D-GX2A, ,TMG,QDD400G,QDD-4X100G-LR-S, , ,ACI,ACI-N9KDK9-16.0 (1j),ACI,ACI-N9KDK9-16.0 (1j), ,400 Gbps,QSFP-DD,10km,Parallel Fiber,SMF,MPO-12 (APC),Optic,0 to 75C,Y, , ,https://www.cisco.com/c/en/us/support/switches/nexus-9000-series-switches/series.html,https://www.cisco.com/c/en/us/products/collateral/interfaces-modules/transceiver-modules/datasheet-c78-743172.html,
N9300,N9K-C9364D-GX2A, ,TMG,QDD400G,QDD-400G-LR4-S, , ,NX-OS,NX-OS 10.3(2),NX-OS,NX-OS 10.3(2), ,400 Gbps,QSFP-DD,10km,Duplex Fiber,SMF,LC (UPC),Optic,0 to 75C,Y,IEEE 400GBASE-LR4, ,https://www.cisco.com/c/en/us/support/switches/nexus-9000-series-switches/series.html,https://www.cisco.com/c/en/us/products/collateral/interfaces-modules/transceiver-modules/datasheet-c78-743172.html,
N9300,N9K-C9364D-GX2A, ,TMG,QDD400G,QDD-400G-LR4-S, , ,ACI,ACI-N9KDK9-16.0(1g),ACI,ACI-N9KDK9-16.0(1g), ,400 Gbps,QSFP-DD,10km,Duplex Fiber,SMF,LC (UPC),Optic,0 to 75C,Y,IEEE 400GBASE-LR4, ,https://www.cisco.com/c/en/us/support/switches/nexus-9000-series-switches/series.html,https://www.cisco.com/c/en/us/products/collateral/interfaces-modules/transceiver-modules/datasheet-c78-743172.html,
N9300,N9K-C9364D-GX2A, ,TMG,QSFP100,QSFP-100G-ZR4-S, , ,NX-OS,NX-OS 10.4(1),NX-OS,NX-OS 10.4(1), ,100 Gbps,QSFP28,80km,Duplex Fiber,SMF,LC (UPC),Optic,0 to 70C,Y, , ,https://www.cisco.com/c/en/us/support/switches/nexus-9000-series-switches/series.html,https://www.cisco.com/c/en/us/products/collateral/interfaces-modules/transceiver-modules/datasheet-c78-736282.html,
N9300,N9K-C9364D-GX2A, ,TMG,QSFP100,QSFP-100G-ZR4-S, , ,ACI,ACI-N9KDK9-16.1(2),ACI,ACI-N9KDK9-16.1(2), ,100 Gbps,QSFP28,80km,Duplex Fiber,SMF,LC (UPC),Optic,0 to 70C,Y, , ,https://www.cisco.com/c/en/us/support/switches/nexus-9000-series-switches/series.html,https://www.cisco.com/c/en/us/products/collateral/interfaces-modules/transceiver-modules/datasheet-c78-736282.html,
N9300,N9K-C9364D-GX2A, ,TMG,QSFP100,QSFP-100G-SL4, , ,NX-OS,NX-OS 10.4(1),NX-OS,NX-OS 10.4(1), ,100 Gbps,QSFP28,30m,Parallel Fiber,MMF,MPO-12 (UPC),Optic,0 to 70C,Y,IEEE 100GBASE-SR4,OM3: 20m; OM4/OM5: 30m. ,https://www.cisco.com/c/en/us/support/switches/nexus-9000-series-switches/series.html,https://www.cisco.com/c/en/us/products/collateral/interfaces-modules/transceiver-modules/datasheet-c78-736282.html,
N9300,N9K-C9364D-GX2A, ,TMG,QSFP100,QSFP-100G-SL4, , ,ACI,ACI-N9KDK9-16.1(2),ACI,ACI-N9KDK9-16.1(2), ,100 Gbps,QSFP28,30m,Parallel Fiber,MMF,MPO-12 (UPC),Optic,0 to 70C,Y,IEEE 100GBASE-SR4,OM3: 20m; OM4/OM5: 30m. ,https://www.cisco.com/c/en/us/support/switches/nexus-9000-series-switches/series.html,https://www.cisco.com/c/en/us/products/collateral/interfaces-modules/transceiver-modules/datasheet-c78-736282.html,
N9300,N9K-C9364D-GX2A, ,TMG,SFP25G,SFP-25G-SL, , ,NX-OS,NX-OS 10.6(1),NX-OS,NX-OS 10.6(1),For QSFP or QSFP-DD ports, QSA28 (CVR-QSFP28-SFP25G) is required,25 Gbps,SFP28,30m,Duplex Fiber,MMF,LC (UPC),Optic,0 to 70C,Y,IEEE 25GBASE-SR,OM3: 20m; OM4/OM5: 30m. ,https://www.cisco.com/c/en/us/support/switches/nexus-9000-series-switches/series.html,https://www.cisco.com/c/en/us/products/collateral/interfaces-modules/transceiver-modules/datasheet-c78-736950.html,
N9300,N9K-C9364D-GX2A, ,TMG,QSFP100,QSFP-100G-SR1.2, , ,ACI,ACI-N9KDK9-15.2(8),ACI,ACI-N9KDK9-15.2(8), ,100 Gbps,QSFP28,150m,Duplex Fiber,MMF,LC (UPC),Optic,100G: +10 to +60C,Y, IEEE802.3cm 400GBase-SR4.2,OM3: 70m; OM4: 100m; OM5: 150m. ,https://www.cisco.com/c/en/us/support/switches/nexus-9000-series-switches/series.html,https://www.cisco.com/c/en/us/products/collateral/interfaces-modules/transceiver-modules/datasheet-c78-736282.html,
N9300,N9K-C9364D-GX2A, ,TMG,QSFP100,QSFP-100G-SR1.2, , ,NX-OS,NX-OS 10.3(1),NX-OS,NX-OS 10.3(1), ,100 Gbps,QSFP28,150m,Duplex Fiber,MMF,LC (UPC),Optic,100G: +10 to +60C,Y,IEEE802.3cm 400GBase-SR4.2,OM3: 70m; OM4: 100m; OM5: 150m. ,https://www.cisco.com/c/en/us/support/switches/nexus-9000-series-switches/series.html,https://www.cisco.com/c/en/us/products/collateral/interfaces-modules/transceiver-modules/datasheet-c78-736282.html,
N9300,N9K-C9364D-GX2A, ,TMG,QDD400G,QDD-400G-SR4.2-BD, , ,NX-OS,NX-OS 10.3(2),NX-OS,NX-OS 10.3(2), ,400 Gbps,QSFP-DD,150m,Parallel Fiber,MMF,MPO-12 (UPC),Optic,0 to 75C,Y,IEEE 400GBASE-SR4.2,OM3: 70m; OM4: 100m; OM5: 150m. . Type 2 housing. ,https://www.cisco.com/c/en/us/support/switches/nexus-9000-series-switches/series.html,https://www.cisco.com/c/en/us/products/collateral/interfaces-modules/transceiver-modules/datasheet-c78-743172.html,
N9300,N9K-C9364D-GX2A, ,TMG,QDD400G,QDD-400G-SR4.2-BD, , ,ACI,ACI-N9KDK9-16.0(2h),ACI,ACI-N9KDK9-16.0(2h), ,400 Gbps,QSFP-DD,150m,Parallel Fiber,MMF,MPO-12 (UPC),Optic,0 to 75C,Y,IEEE 400GBASE-SR4.2,OM3: 70m; OM4: 100m; OM5: 150m. . Type 2 housing. ,https://www.cisco.com/c/en/us/support/switches/nexus-9000-series-switches/series.html,https://www.cisco.com/c/en/us/products/collateral/interfaces-modules/transceiver-modules/datasheet-c78-743172.html,
N9300,N9K-C9364D-GX2A, ,TMG,QDD400G,QDD-400G-SR8-S, , ,ACI,ACI-N9KDK9-16.0(3e),ACI,ACI-N9KDK9-16.0(3e), ,400 Gbps,QSFP-DD,100m,Parallel Fiber,MMF,MPO-16 (APC),Optic,0 to 75C,Y,IEEE 100GBASE-SR2, IEEE 200GBASE-SR4, IEEE 50GBASE-SR, IEEE 400GBASE-SR8, 200G-SL4, 100G-SL2, 50G-SL,OM3: 70m; OM4/OM5: 100m. ,https://www.cisco.com/c/en/us/support/switches/nexus-9000-series-switches/series.html,https://www.cisco.com/c/en/us/products/collateral/interfaces-modules/transceiver-modules/datasheet-c78-743172.html,
N9300,N9K-C9364D-GX2A, ,TMG,QDD400G,QDD-400G-SR8-S, , ,NX-OS,NX-OS 10.4(2)F,NX-OS,NX-OS 10.4(2)F, ,400 Gbps,QSFP-DD,100m,Parallel Fiber,MMF,MPO-16 (APC),Optic,0 to 75C,Y,IEEE 100GBASE-SR2, IEEE 200GBASE-SR4, IEEE 50GBASE-SR, IEEE 400GBASE-SR8, 200G-SL4, 100G-SL2, 50G-SL,OM3: 70m; OM4/OM5: 100m. ,https://www.cisco.com/c/en/us/support/switches/nexus-9000-series-switches/series.html,https://www.cisco.com/c/en/us/products/collateral/interfaces-modules/transceiver-modules/datasheet-c78-743172.html,
N9300,N9K-C9364D-GX2A, ,ACIABU,Q400DCO,DP04QSDD-HE0, , ,NX-OS,NX-OS 10.4(3)F,NX-OS,NX-OS 10.4(3)F,Supports 1x400G and 1x100G in NX-OS 10.4(3)F. Breakout modes of 4x100G and 2x100G will be supported from NX-OS 10.5(1)F,400 Gbps,QSFP-DD,80km,Duplex Fiber,SMF,LC (UPC),Optic,15 to 78C,Y, ,Dark fiber / Unamplified reach for  400G: 80km; 300G: 90km; 200G: 110km; 100G: 125km.  Up to 1400km amplified DWDM system.   
Please see datasheet for configurations on various reaches.. 400G spec, -32dBm at 100G.  191.275 - 196.125 THz.. ,https://www.cisco.com/c/en/us/support/switches/nexus-9000-series-switches/series.html,https://www.cisco.com/c/en/us/products/collateral/interfaces-modules/transceiver-modules/400g-qsfp-dd-high-power-optical-module-ds.html,
N9300,N9K-C9364D-GX2A, ,TMG,QDD400G,QDD-4ZQ100-CU1M, , ,NX-OS,NX-OS 10.4(3)F, ,?, ,400 Gbps,QSFP-DD,1m,Preterminated breakout cable,DAC,N/A,Cable,0 to 70C, , , ,https://www.cisco.com/c/en/us/support/switches/nexus-9000-series-switches/series.html,https://www.cisco.com/c/en/us/products/collateral/interfaces-modules/transceiver-modules/datasheet-c78-743172.html,
N9300,N9K-C9364D-GX2A, ,TMG,QDD400G,QDD-4ZQ100-CU1M, , ,ACI,ACI-N9KDK9-16.0(3), ,?, ,400 Gbps,QSFP-DD,1m,Preterminated breakout cable,DAC,N/A,Cable,0 to 70C, , , ,https://www.cisco.com/c/en/us/support/switches/nexus-9000-series-switches/series.html,https://www.cisco.com/c/en/us/products/collateral/interfaces-modules/transceiver-modules/datasheet-c78-743172.html,
N9300,N9K-C9364D-GX2A, ,TMG,QDD400G,QDD-4ZQ100-CU2M, , ,NX-OS,NX-OS 10.4(3)F, ,?, ,400 Gbps,QSFP-DD,2m,Preterminated breakout cable,DAC,N/A,Cable,0 to 70C, , , ,https://www.cisco.com/c/en/us/support/switches/nexus-9000-series-switches/series.html,https://www.cisco.com/c/en/us/products/collateral/interfaces-modules/transceiver-modules/datasheet-c78-743172.html,
N9300,N9K-C9364D-GX2A, ,TMG,QDD400G,QDD-4ZQ100-CU2M, , ,ACI,ACI-N9KDK9-16.0(3), ,?, ,400 Gbps,QSFP-DD,2m,Preterminated breakout cable,DAC,N/A,Cable,0 to 70C, , , ,https://www.cisco.com/c/en/us/support/switches/nexus-9000-series-switches/series.html,https://www.cisco.com/c/en/us/products/collateral/interfaces-modules/transceiver-modules/datasheet-c78-743172.html,
N9300,N9K-C9364D-GX2A, ,TMG,QDD400G,QDD-4ZQ100-CU2.5M, , ,NX-OS,NX-OS 10.4(3)F, ,?, ,400 Gbps,QSFP-DD,2.5m,Preterminated breakout cable,DAC,N/A,Cable,0 to 70C, , , ,https://www.cisco.com/c/en/us/support/switches/nexus-9000-series-switches/series.html,https://www.cisco.com/c/en/us/products/collateral/interfaces-modules/transceiver-modules/datasheet-c78-743172.html,
N9300,N9K-C9364D-GX2A, ,TMG,QDD400G,QDD-4ZQ100-CU2.5M, , ,ACI,ACI-N9KDK9-16.0(3), ,?, ,400 Gbps,QSFP-DD,2.5m,Preterminated breakout cable,DAC,N/A,Cable,0 to 70C, , , ,https://www.cisco.com/c/en/us/support/switches/nexus-9000-series-switches/series.html,https://www.cisco.com/c/en/us/products/collateral/interfaces-modules/transceiver-modules/datasheet-c78-743172.html,
N9300,N9K-C9364D-GX2A, ,TMG,QDD400G,QDD-4ZQ100-CU3M, , ,NX-OS,NX-OS 10.4(3)F, ,?, ,400 Gbps,QSFP-DD,3m,Preterminated breakout cable,DAC,N/A,Cable,0 to 70C, , , ,https://www.cisco.com/c/en/us/support/switches/nexus-9000-series-switches/series.html,https://www.cisco.com/c/en/us/products/collateral/interfaces-modules/transceiver-modules/datasheet-c78-743172.html,
N9300,N9K-C9364D-GX2A, ,TMG,QDD400G,QDD-4ZQ100-CU3M, , ,ACI,ACI-N9KDK9-16.0(3), ,?, ,400 Gbps,QSFP-DD,3m,Preterminated breakout cable,DAC,N/A,Cable,0 to 70C, , , ,https://www.cisco.com/c/en/us/support/switches/nexus-9000-series-switches/series.html,https://www.cisco.com/c/en/us/products/collateral/interfaces-modules/transceiver-modules/datasheet-c78-743172.html,
N9300,N9K-C9364D-GX2A, ,TMG,QDD400G,QDD-2Q200-CU3M, , ,NX-OS,NX-OS 10.3(3)F, ,?, ,400 Gbps,QSFP-DD,3m,Preterminated breakout cable,DAC,N/A,Cable,0 to 70C, , , ,https://www.cisco.com/c/en/us/support/switches/nexus-9000-series-switches/series.html,https://www.cisco.com/c/en/us/products/collateral/interfaces-modules/transceiver-modules/nb-06-200g-qsfp56-cables-trans-mod-ds-cte-en.html,
N9300,N9K-C9364D-GX2A, ,TMG,QSFP100,QSFP-100G-B20U4-I, , ,ACI,ACI-N9KDK9-16.1(3),ACI,ACI-N9KDK9-16.1(3), ,100 Gbps,QSFP28,20km,Simplex Fiber,SMF,LC (UPC),Optic,-20 to 85C,Y, ,. ~15mm longer nose than standard QSFP. Max Tx OMA per lane: 4.5dBm and Min Rx OMA per lane: -12.5dBm. ,https://www.cisco.com/c/en/us/support/switches/nexus-9000-series-switches/series.html,https://www.cisco.com/c/en/us/products/collateral/interfaces-modules/transceiver-modules/datasheet-c78-736282.html,
N9300,N9K-C9364D-GX2A, ,TMG,QSFP100,QSFP-100G-B20U4-I, , ,NX-OS,NX-OS 10.6(1),NX-OS,NX-OS 10.6(1), ,100 Gbps,QSFP28,20km,Simplex Fiber,SMF,LC (UPC),Optic,-20 to 85C,Y, ,. ~15mm longer nose than standard QSFP. Max Tx OMA per lane: 4.5dBm and Min Rx OMA per lane: -12.5dBm. ,https://www.cisco.com/c/en/us/support/switches/nexus-9000-series-switches/series.html,https://www.cisco.com/c/en/us/products/collateral/interfaces-modules/transceiver-modules/datasheet-c78-736282.html,
N9300,N9K-C9364D-GX2A, ,TMG,QSFP100,QSFP-100G-B20D4-I, , ,ACI,ACI-N9KDK9-16.1(3),ACI,ACI-N9KDK9-16.1(3), ,100 Gbps,QSFP28,20km,Simplex Fiber,SMF,LC (UPC),Optic,-20 to 85C,Y, ,. ~15mm longer nose than standard QSFP. Max Tx OMA per lane: 4.5dBm and Min Rx OMA per lane: -12.5dBm. ,https://www.cisco.com/c/en/us/support/switches/nexus-9000-series-switches/series.html,https://www.cisco.com/c/en/us/products/collateral/interfaces-modules/transceiver-modules/datasheet-c78-736282.html,
N9300,N9K-C9364D-GX2A, ,TMG,QSFP100,QSFP-100G-B20D4-I, , ,NX-OS,NX-OS 10.6(1),NX-OS,NX-OS 10.6(1), ,100 Gbps,QSFP28,20km,Simplex Fiber,SMF,LC (UPC),Optic,-20 to 85C,Y, ,. ~15mm longer nose than standard QSFP. Max Tx OMA per lane: 4.5dBm and Min Rx OMA per lane: -12.5dBm. ,https://www.cisco.com/c/en/us/support/switches/nexus-9000-series-switches/series.html,https://www.cisco.com/c/en/us/products/collateral/interfaces-modules/transceiver-modules/datasheet-c78-736282.html,
N9300,N9K-C9364D-GX2A, ,TMG,QDD400G,QSFP-200-CU3M, , ,NX-OS,NX-OS 10.3(3)F, ,?, ,200 Gbps,QSFP56,3m,Preterminated cable,DAC,N/A,Cable,0 to 70C, , , ,https://www.cisco.com/c/en/us/support/switches/nexus-9000-series-switches/series.html,https://www.cisco.com/c/en/us/products/collateral/interfaces-modules/transceiver-modules/nb-06-200g-qsfp56-cables-trans-mod-ds-cte-en.html,
N9300,N9K-C9364D-GX2A, ,TMG,QDD400G,QSFP-200-CU3M, , ,ACI,ACI-N9KDK9-16.1(2), ,?, ,200 Gbps,QSFP56,3m,Preterminated cable,DAC,N/A,Cable,0 to 70C, , , ,https://www.cisco.com/c/en/us/support/switches/nexus-9000-series-switches/series.html,https://www.cisco.com/c/en/us/products/collateral/interfaces-modules/transceiver-modules/nb-06-200g-qsfp56-cables-trans-mod-ds-cte-en.html,
N9300,N9K-C9364D-GX2A, ,TMG,QDD400G,QSFP-4S50-CU3M, , ,NX-OS,NX-OS 10.5(2)F, ,?, ,200 Gbps,QSFP56,3m,Preterminated breakout cable,DAC,N/A,Cable,0 to 70C, , , ,https://www.cisco.com/c/en/us/support/switches/nexus-9000-series-switches/series.html,https://www.cisco.com/c/en/us/products/collateral/interfaces-modules/transceiver-modules/datasheet-c78-743172.html,
N9300,N9K-C9364D-GX2A, ,TMG,QDD400G,QSFP-200G-SR4-S, , ,NX-OS,NX-OS 10.4(3)F,NX-OS,NX-OS 10.4(3)F, ,200 Gbps,QSFP56,100m,Parallel Fiber,MMF,MPO-12 (UPC),Optic,0 to 70C,Y,IEEE 200GBASE-SR4,OM3: 70m; OM4/OM5: 100m. ,https://www.cisco.com/c/en/us/support/switches/nexus-9000-series-switches/series.html,https://www.cisco.com/c/en/us/products/collateral/interfaces-modules/transceiver-modules/nb-06-200g-qsfp56-cables-trans-mod-ds-cte-en.html,
N9300,N9K-C9364D-GX2A, ,TMG,QDD400G,QSFP-200G-SR4-S, , ,ACI,ACI-N9KDK9-16.1(1)F,ACI,ACI-N9KDK9-16.1(1)F, ,200 Gbps,QSFP56,100m,Parallel Fiber,MMF,MPO-12 (UPC),Optic,0 to 70C,Y,IEEE 200GBASE-SR4,OM3: 70m; OM4/OM5: 100m. ,https://www.cisco.com/c/en/us/support/switches/nexus-9000-series-switches/series.html,https://www.cisco.com/c/en/us/products/collateral/interfaces-modules/transceiver-modules/nb-06-200g-qsfp56-cables-trans-mod-ds-cte-en.html,
N9300,N9K-C9364D-GX2A, ,TMG,QDD400G,QSFP-200G-SL4, , ,NX-OS,NX-OS 10.4(3)F,NX-OS,NX-OS 10.4(3)F, ,200 Gbps,QSFP56,30m,Parallel Fiber,MMF,MPO-12 (UPC),Optic,0 to 70C,Y,IEEE 200GBASE-SR4,OM3: 20m; OM4/OM5: 30m. ,https://www.cisco.com/c/en/us/support/switches/nexus-9000-series-switches/series.html,https://www.cisco.com/c/en/us/products/collateral/interfaces-modules/transceiver-modules/nb-06-200g-qsfp56-cables-trans-mod-ds-cte-en.html,
N9300,N9K-C9364D-GX2A, ,TMG,QDD400G,QSFP-200G-SL4, , ,ACI,ACI-N9KDK9-16.1(2),ACI,ACI-N9KDK9-16.1(2), ,200 Gbps,QSFP56,30m,Parallel Fiber,MMF,MPO-12 (UPC),Optic,0 to 70C,Y,IEEE 200GBASE-SR4,OM3: 20m; OM4/OM5: 30m. ,https://www.cisco.com/c/en/us/support/switches/nexus-9000-series-switches/series.html,https://www.cisco.com/c/en/us/products/collateral/interfaces-modules/transceiver-modules/nb-06-200g-qsfp56-cables-trans-mod-ds-cte-en.html,
N9300,N9K-C9364D-GX2A, ,TMG,QDD400G,QSFP-200G-FR4-S, , ,ACI,ACI-N9KDK9-16.1(3),ACI,ACI-N9KDK9-16.1(3), ,200 Gbps,QSFP56,2km,Duplex Fiber,SMF,Dual Duplex LC (UPC),Optic,0 to 70C,Y,IEEE 200GBASE-FR4, ,https://www.cisco.com/c/en/us/support/switches/nexus-9000-series-switches/series.html,https://www.cisco.com/c/en/us/products/collateral/interfaces-modules/transceiver-modules/nb-06-200g-qsfp56-cables-trans-mod-ds-cte-en.html,
N9300,N9K-C9364D-GX2A, ,TMG,QDD400G,QSFP-200G-FR4-S, , ,NX-OS,NX-OS 10.6(1),NX-OS,NX-OS 10.6(1), ,200 Gbps,QSFP56,2km,Duplex Fiber,SMF,Dual Duplex LC (UPC),Optic,0 to 70C,Y,IEEE 200GBASE-FR4, ,https://www.cisco.com/c/en/us/support/switches/nexus-9000-series-switches/series.html,https://www.cisco.com/c/en/us/products/collateral/interfaces-modules/transceiver-modules/nb-06-200g-qsfp56-cables-trans-mod-ds-cte-en.html,
N9300,N9K-C9364D-GX2A, ,OTBU,ONS,ONS-QDD-OLS, , ,NX-OS,NX-OS 10.5(2)F,NX-OS,NX-OS 10.5(2)F, ,-,QSFP-DD,150km,Duplex Fiber,SMF,LC,OLS,0 to 75C,Y, ,Layer 0 - Open Line System. L0 mux/demux + EDFAs. ,https://www.cisco.com/c/en/us/support/switches/nexus-9000-series-switches/series.html,https://www.cisco.com/c/en/us/products/collateral/interfaces-modules/transceiver-modules/qsfp-dd-plug-open-line-system-ds.html,
N9300,N9K-C9364D-GX2A, ,TMG,QDD400G,QDD-400G-VR4, , ,NX-OS,NX-OS 10.6(3)F,NX-OS,NX-OS 10.6(3)F, ,400 Gbps,QSFP-DD,50m,Parallel Fiber,MMF,MPO-12 (APC),Optic,0 to 70C,Y,IEEE 400GBASE-VR4,OM3: 30m; OM4/OM5: 50m. ,https://www.cisco.com/c/en/us/support/switches/nexus-9000-series-switches/series.html,https://www.cisco.com/c/en/us/products/collateral/interfaces-modules/transceiver-modules/datasheet-c78-743172.html,
N9300,N9K-C9364D-GX2A, ,TMG,QDD400G,QDD-400G-BD, , ,NX-OS,NX-OS 10.6(2)F,NX-OS,NX-OS 10.6(2)F,supports native 400G, 100G,100/400 Gbps,QSFP-DD,100m,Duplex Fiber,MMF,LC (UPC),Optic,0 to 70C,Y, ,. ,https://www.cisco.com/c/en/us/support/switches/nexus-9000-series-switches/series.html,https://www.cisco.com/c/en/us/products/collateral/interfaces-modules/transceiver-modules/datasheet-c78-743172.html,
N9300,N9K-C9364D-GX2A, ,TMG,QDD400G,QDD-2Q200-CU1M, , ,NX-OS,NX-OS 10.3(3)F, ,?, ,400 Gbps,QSFP-DD,1m,Preterminated breakout cable,DAC,N/A,Cable,0 to 70C, , , ,https://www.cisco.com/c/en/us/support/switches/nexus-9000-series-switches/series.html,https://www.cisco.com/c/en/us/products/collateral/interfaces-modules/transceiver-modules/nb-06-200g-qsfp56-cables-trans-mod-ds-cte-en.html,
N9300,N9K-C9364D-GX2A, ,TMG,QDD400G,QDD-2Q200-CU2M, , ,NX-OS,NX-OS 10.3(3)F, ,?, ,400 Gbps,QSFP-DD,2m,Preterminated breakout cable,DAC,N/A,Cable,0 to 70C, , , ,https://www.cisco.com/c/en/us/support/switches/nexus-9000-series-switches/series.html,https://www.cisco.com/c/en/us/products/collateral/interfaces-modules/transceiver-modules/nb-06-200g-qsfp56-cables-trans-mod-ds-cte-en.html,
N9300,N9K-C9364D-GX2A, ,TMG,QDD400G,QDD-2Q200-CU2.5M, , ,NX-OS,NX-OS 10.3(3)F, ,?, ,400 Gbps,QSFP-DD,2.5m,Preterminated breakout cable,DAC,N/A,Cable,0 to 70C, , , ,https://www.cisco.com/c/en/us/support/switches/nexus-9000-series-switches/series.html,https://www.cisco.com/c/en/us/products/collateral/interfaces-modules/transceiver-modules/nb-06-200g-qsfp56-cables-trans-mod-ds-cte-en.html,
N9300,N9K-C9364D-GX2A, ,TMG,SFPPM,S10G-LR-PM-D-I, , , ,Support can be reached at skylight_tac@cisco.com, ,, ,10 Gbps,SFP+,10km,Duplex Fiber,SMF,LC (UPC),Optic,-40 to 85C,Y,IEEE 10GBASE-LR, ,https://www.cisco.com/c/en/us/support/switches/nexus-9000-series-switches/series.html,https://www.cisco.com/c/en/us/products/collateral/interfaces-modules/transceiver-modules/accedian-sfp-compute-sensor-ds.html,
N9300,N9K-C9364D-GX2A, ,TMG,SFPPM,S10G-ER-PM-D-I, , , ,Support can be reached at skylight_tac@cisco.com, ,, ,10 Gbps,SFP+,40km,Duplex Fiber,SMF,LC (UPC),Optic,-40 to 85C,Y,IEEE 10GBASE-ER, ,https://www.cisco.com/c/en/us/support/switches/nexus-9000-series-switches/series.html,https://www.cisco.com/c/en/us/products/collateral/interfaces-modules/transceiver-modules/accedian-sfp-compute-sensor-ds.html,
N9300,N9K-C9364D-GX2A, ,TMG,SFPPM,S10G-SR-PM-D-I, , , ,Support can be reached at skylight_tac@cisco.com, ,, ,10 Gbps,SFP+,150m,Duplex Fiber,MMF,LC (UPC),Optic,-5 to 85C,Y,IEEE 10GBASE-SR, ,https://www.cisco.com/c/en/us/support/switches/nexus-9000-series-switches/series.html,https://www.cisco.com/c/en/us/products/collateral/interfaces-modules/transceiver-modules/accedian-sfp-compute-sensor-ds.html,
